legislatura,nome,n_datas,n_vocabulos,primeira,ultima
15,Hildebrando Marques,1,2,2005-10-17,2005-10-17
15,RESPECTIVAMENTE,1,1,2006-03-31,2006-03-31
15,AS CADEIRAS DE PRIMEIRO,1,2,2006-03-31,2006-03-31
16,Airinho,34,1,2007-02-05,2007-04-17
16,Silva,1,1,2007-05-08,2007-05-08
16,Tereza Leitão,1,2,2007-06-11,2007-06-11
16,IZABEL CRISTINA,1,2,2007-06-13,2007-06-13
16,ERIBERTO SANTOS,1,2,2007-06-18,2007-06-18
16,MIRIAN LACERDA,1,2,2007-06-20,2007-06-20
16,NO XV JOGOS PAN-AMERICANOS,1,3,2007-08-13,2007-08-13
16,ESMERALDO SANTOS TRATANDO DESTE ASSUNTO,1,5,2007-08-29,2007-08-29
16,MARCOS DE BARROS FREIRE,1,3,2007-09-11,2007-09-11
16,DESEMBARGADOR,1,1,2007-10-09,2007-10-09
16,DOUTORANADEGI,3,1,2008-08-14,2009-10-08
16,ALBERTO,1,1,2009-09-16,2009-09-16
16,FEITOSA,1,1,2009-09-16,2009-09-16
16,SETENTA,1,1,2010-04-06,2010-04-06
16,SUPERINTENDENTE REGIONAL DO TRABALHO,1,3,2010-04-26,2010-04-26
16,CHEFE DO CERIMONIAL DESTA CASA,1,4,2010-06-16,2010-06-16
17,RAMOS,495,1,2011-02-01,2014-12-22
16,ADALBERTO CAVALCANTI,1,2,2010-02-02,2010-02-02
16,ADALTO SANTOS,1,2,2010-02-02,2010-02-02
16,ALUÍSIO LESSA,1,2,2010-02-02,2010-02-02
16,BOTAFOGO FILHO,1,2,2010-02-02,2010-02-02
16,CLAUDIANO MARTINS FILHO,1,3,2010-02-02,2010-02-02
16,DANIEL COELHO,1,2,2010-02-02,2010-02-02
16,DIOGO MORAES,1,2,2010-02-02,2010-02-02
16,FRANCISMAR PONTES,1,2,2010-02-02,2010-02-02
16,GUSTAVO NEGROMONTE,1,2,2010-02-02,2010-02-02
16,JULIO CAVALCANTI,1,2,2010-02-02,2010-02-02
16,LAURA GOMES,1,2,2010-02-02,2010-02-02
16,LUCIANO SIQUEIRA,1,2,2010-02-02,2010-02-02
16,MANOEL SANTOS,1,2,2010-02-02,2010-02-02
16,MARY GOUVEIA,1,2,2010-02-02,2010-02-02
16,ODACY AMORIM,1,2,2010-02-02,2010-02-02
16,PEDRO SERAFIM NETO,1,3,2010-02-02,2010-02-02
16,RAMOS,1,1,2010-02-02,2010-02-02
16,RAQUEL LYRA,1,2,2010-02-02,2010-02-02
16,RILDO BRAZ,1,2,2010-02-02,2010-02-02
16,TONY GEL,1,2,2010-02-02,2010-02-02
16,VINÍCIUS LABANCA,1,2,2010-02-02,2010-02-02
17,OITENTA,1,1,2011-03-22,2011-03-22
17,SILVA,1,1,2011-04-05,2011-04-05
17,SETENTA,1,1,2011-04-05,2011-04-05
17,JÚLIO CAVALCAN,1,2,2011-02-26,2011-02-26
17,VINÍCIUS LABANCAE WALDEMAR BORGES,2,4,2011-04-18,2013-04-01
17,JÚLIO CAVALCANTE,1,2,2011-03-16,2011-03-16
17,JOSÉ HUMBERTO,1,2,2011-05-10,2011-05-10
17,FEDERAL,1,1,2011-11-22,2011-11-22
17,ESTADUAIS,1,1,2011-11-22,2011-11-22
17,PESSOA JURÍDICA,1,2,2011-12-05,2011-12-05
17,COMPOSITOR GENIVAL LACERDA CAVALCANTE,1,4,2011-12-14,2011-12-14
17,AMBIENTAL PROFESSOR ROLDÃO,2,3,2011-11-30,2012-12-04
17,ZUMBI DOS PALMARES,1,2,2011-11-30,2011-11-30
17,AO MAESTRO FORRÓ,1,2,2011-11-30,2011-11-30
17,ESPORTIVO,1,1,2011-11-30,2011-11-30
17,AO ATLETA MARCOS ANTÔNIO PEREIRA,1,4,2011-11-30,2011-11-30
17,AO INSTITUTO PAPAI,1,2,2011-11-30,2011-11-30
17,ADMINISTRATIVO,1,1,2011-11-30,2011-11-30
17,A REDE DE SUPERMERCADO ARCO-ÍRIS,1,4,2011-11-30,2011-11-30
17,ANTONIO CAMAROTTI,1,2,2011-11-30,2011-11-30
17,DESEMBARGADOR,1,1,2011-11-30,2011-11-30
17,RAMOS RICARDO COSTA,1,3,2012-02-27,2012-02-27
17,do Advogado da FETAPE Bruno Ribeiro,1,4,2012-03-27,2012-03-27
17,EMPRESÁRIO ÁLVARO DANTAS,1,3,2012-08-06,2012-08-06
17,COMPOSITOR,1,1,2012-08-07,2012-08-07
17,VIOLINISTA HENRIQUE JOSÉ PEDROSA ANNES,1,5,2012-08-07,2012-08-07
17,MÉRITO SANITÁRIO JOSUÉ DE CASTRO,1,4,2012-09-13,2012-09-13
17,DE GARANHUNS,2,1,2012-10-15,2012-11-15
17,DA FORÇA AÉREA BRASILEIRA,1,3,2012-10-24,2012-10-24
17,EVERALDO CABRAL GUILHERME UCHÔA,1,4,2012-11-12,2012-11-12
17,IZAÍAS RÉGIS JOÃO FERNANDO COUTINHO,1,5,2012-11-26,2012-11-26
17,LEONARDO DIAS LUCIANO SIQUEIRA,1,4,2012-11-26,2012-11-26
17,EDUCACIONAL PAULO FREIRE,1,3,2012-12-04,2012-12-04
17,RILDO BRAZ SÉRGIO LEITE,1,4,2012-12-19,2012-12-19
17,VINÍCIUS LABANCAE ZÉ MAURÍCIO,2,3,2013-03-12,2014-09-25
17,ÂNGELO FERREIRA ANTÔNIO MORAES,1,4,2013-05-08,2013-05-08
17,ANTÔNIO MORAIS,2,2,2011-05-11,2011-05-16
17,PEQUENA EMPRESA,2,2,2011-05-11,2011-05-16
17,DEBATERAM SOBRE AS QUESTÕES FICAIS,1,4,2011-05-16,2011-05-16
17,TRIBUTARIAS QUE SOBRECARREGAM A ATIVIDADE,1,4,2011-05-16,2011-05-16
17,SEBASTIÃO OLIVEIRA JÚNIOR SEBASTIÃO RUFINO,1,5,2013-06-03,2013-06-03
17,PELA CONQUISTA DO TRICAMPEONATO PERNAMBUCANO,1,4,2013-06-04,2013-06-04
17,RILDO BRAZ RODRIGO NOVAES,1,4,2013-06-05,2013-06-05
17,Alexandre Andrade Lima,1,3,2013-06-12,2013-06-12
17,Múcio Wanderley,1,2,2013-06-12,2013-06-12
17,MARCOANTÔNIO DOURADO,1,2,2013-06-26,2013-06-26
17,PELAS ATIVIDADES VOLUNTÁRIAS DE AUXILIO,1,4,2013-08-06,2013-08-06
17,APOIO ESPIRITUAL ÀS PESSOAS,1,3,2013-08-06,2013-08-06
17,DESPORTIVA VITÓRIA DAS TABOCAS,1,3,2013-08-14,2013-08-14
17,JORNALISTA RAIMUNDO CARRERO,1,3,2013-08-21,2013-08-21
17,MANOEL LISBOA,1,2,2013-09-10,2013-09-10
17,EMMANUEL BEZERRA,1,2,2013-09-10,2013-09-10
17,MANUEL ALEIXO,1,2,2013-09-10,2013-09-10
17,COMPOSITOR JANDUHY FINIZOLA DA CUNHA,1,4,2013-09-11,2013-09-11
17,Ana Kely Almeida da Costa,1,4,2014-03-26,2014-03-26
17,BRINGEL,20,1,2014-08-05,2014-10-09
17,EFETIVOS DIOGO MORAES,1,3,2014-05-28,2014-05-28
17,RODRIGO NOVAES SÉRGIO LEITE,1,4,2014-08-12,2014-08-12
17,TONY GELE ZÉ MAURÍCIO,1,3,2012-05-16,2012-05-16
17,SÉRGIO LEITE SÍLVIO COSTA FILHO,1,5,2014-09-03,2014-09-03
17,ERIBERTO MEDEIROS EVERALDO CABRAL,1,4,2014-10-20,2014-10-20
17,RESPECTIVAMENTE,4,1,2014-11-12,2014-11-18
18,MANOEL BOTAFOGO,1,2,2015-08-11,2015-08-11
18,NATRANSFORMAÇÃO DO CAMPO JURÍDICO,1,3,2015-08-17,2015-08-17
18,TONY GEL ZÉ MAURÍCIO,1,3,2015-08-24,2015-08-24
18,Edilson Silva Zé Maurício,1,3,2015-04-29,2015-04-29
18,QUE ESTÃO,1,2,2015-09-08,2015-09-08
18,DE GOVERNO,3,1,2015-11-04,2016-04-20
18,RESPECTIVAMENTE,25,1,2015-11-04,2018-06-06
18,DE SUA PROPRIEDADE,1,2,2015-11-16,2015-11-16
18,LULACABRALE NILTON MOTA,1,3,2015-12-16,2015-12-16
18,SUPERINTENDENTE DE CERIMONIAL DESTA CASA,2,4,2015-12-16,2018-06-26
18,NILTON,1,1,2016-02-02,2016-02-02
18,SOCORRO PIMENTEL TERESA LEITÃO,1,4,2016-02-18,2016-02-18
18,ADALTO SANTOS ALUÍSIO LESSA,1,4,2016-02-25,2016-02-25
18,AGLAILSON JÚNIOR ALUÍSIO LESSA,1,4,2016-03-16,2016-03-16
17,VicePresidente,1,1,2014-02-24,2014-02-24
18,OITENTA,2,1,2016-04-05,2017-04-05
18,ADALTO SANTOS AGLAILSON JÚNIOR,1,4,2016-04-06,2016-04-06
18,ISMAR CABRAL TEIXEIRA,1,3,2016-04-20,2016-04-20
18,SHEILA CARINA DE AQUINO CUNHA,1,4,2016-05-18,2016-05-18
18,SUPERINTENDENTE DE PLANEJAMENTO,1,2,2016-05-18,2016-05-18
18,GESTÃO,1,1,2016-05-18,2016-05-18
18,DEZESSEIS,1,1,2016-05-19,2016-05-19
18,IPOJUCA,1,1,2016-08-02,2016-08-02
18,DE LANÇAMENTO DO MESMO,1,2,2016-11-16,2016-11-16
18,Bispo Ossésio,1,2,2016-11-29,2016-11-29
18,VINÍCIUS LABANCAE ZÉ MAURÍCIO,1,3,2017-02-07,2017-02-07
18,DETERMINAALAVRATURADESTE TERMO,1,2,2017-02-09,2017-02-09
18,DO REGIMENTO INTERNO,1,2,2017-02-09,2017-02-09
18,OITOCENTOS,1,1,2017-03-06,2017-03-06
18,DEZESSETE,1,1,2017-03-06,2017-03-06
18,CRISTIANE VASCONCELOS,2,2,2017-03-21,2017-03-22
18,SUPERINTENDENTE ADMINISTRATIVA,2,2,2017-03-21,2017-03-22
18,ALBERTO FEITOSAE NILTON MOTA,1,4,2017-04-19,2017-04-19
18,DO MUNICÍPIO DE ARARIPINA,1,2,2017-04-24,2017-04-24
18,ALBERTO FEITOS,1,2,2017-05-16,2017-05-16
18,SERRA TALHADA,1,2,2017-05-17,2017-05-17
18,INOCÊNCIO OLIVEIRA,1,2,2017-05-22,2017-05-22
18,O DESEMBARGADOR FAUSTO FREITAS,1,3,2017-05-22,2017-05-22
18,O VEREADOR ALBERICO TIAGO,1,3,2017-05-22,2017-05-22
18,MATERNIDADE SANTA MARIA,1,3,2017-06-06,2017-06-06
18,DE ARARIPINA,1,1,2017-06-06,2017-06-06
18,O MESTRE-DE-CERIMÔNIAS SILAS COSTA,1,4,2017-06-29,2017-06-29
18,PRESIDINDO-A,1,1,2017-06-29,2017-06-29
18,DESEMBARGADOR LEOPOLDO DE ARRUDA RAPOSO,2,4,2017-06-29,2017-12-11
18,CONSELHEIRO CARLOS PORTO,1,3,2017-06-29,2017-06-29
18,RAUL JEAN LOUIS HENRY JÚNIOR,2,5,2017-06-29,2017-11-29
18,GERALDO JÚLIO,1,2,2017-06-29,2017-06-29
18,PAULO HENRIQUE SARAIVA CÂMARA,1,4,2017-06-29,2017-06-29
18,DE OPOSIÇÃO,2,1,2017-08-15,2018-03-13
18,Atas Convoco,1,2,2017-08-16,2017-08-16
18,Doutor Flávio Vormittag,1,3,2017-08-07,2017-08-07
18,Coordenador-Geral de Sangue,1,3,2017-08-07,2017-08-07
18,Doutor Messias Alves Trindade,1,4,2017-08-07,2017-08-07
18,Doutor Oswaldo Castilho,1,3,2017-08-07,2017-08-07
18,Doutora Yeda Maia,1,3,2017-08-07,2017-08-07
18,Doutor Alexandre de Mattos,1,3,2017-08-07,2017-08-07
18,Doutor Marinus Marsico,1,3,2017-08-07,2017-08-07
18,COMPOSITOR ALMIR ROUCHE,1,3,2017-09-05,2017-09-05
18,DE AUTORIA DE FELIPE HAECKEL,1,3,2017-09-21,2017-09-21
18,DA UFPE,1,1,2017-10-16,2017-10-16
18,NO FORTALECIMENTO DOS PRINCÍPIOS MUTUALISTAS,1,3,2017-11-23,2017-11-23
18,ASSOCIATIVOS DAS PESSOAS FÍSICAS,1,3,2017-11-23,2017-11-23
18,JURÍDICAS,1,1,2017-11-23,2017-11-23
18,ADMINISTRATIVO,1,1,2017-11-29,2017-11-29
18,SANITÁRIO JOSUÉ DE CASTRO,1,3,2017-11-29,2017-11-29
18,ZUMBI DOS PALMARES,1,2,2017-11-29,2017-11-29
18,NA QUALIDADE DE AUTORES DAS INDICAÇÕES,1,3,2017-11-29,2017-11-29
18,A ROBERTO MAGALHÃES MELO,1,3,2017-11-29,2017-11-29
18,VALDEIR DE ANDRADE BATISTA,1,3,2017-11-29,2017-11-29
18,VERA LÚCIA LINS DE MORAIS,1,4,2017-11-29,2017-11-29
18,ROBERTO MAGALHÃES,1,2,2017-11-29,2017-11-29
18,GENERAL-DE-EXÉRCITO ARTUR COSTA MOURA,1,5,2017-11-29,2017-11-29
18,COMANDANTE MILITAR DO NORDESTE,2,3,2017-11-29,2018-04-02
18,COMANDANTE DO II COMAR,1,2,2017-11-29,2017-11-29
18,VERDADE DOM HÉLDER CÂMARA,1,4,2017-12-04,2017-12-04
18,DOM FERNANDO SABURIDO,1,3,2017-12-11,2017-12-11
18,ARCEBISPO DE OLINDA,1,2,2017-12-11,2017-12-11
18,ANÍSIO BRASILEIRO,1,2,2017-12-11,2017-12-11
18,VEREADOR EDUARDO MARQUES,2,3,2017-12-11,2018-04-02
18,LUCIANO SIQUEIRA,1,2,2017-12-11,2017-12-11
18,CACIQUE CHICÃO IN MEMORIAM,1,3,2018-03-20,2018-03-20
18,CORONÉIS CARLOS HENRIQUE DA SILVA MACHADO,1,5,2018-04-02,2018-04-02
18,ALEXANDRE OLIVEIRA,1,2,2018-04-02,2018-04-02
18,BRIGADEIRO-DO-AR JOSUÉ WALCIR,1,3,2018-04-02,2018-04-02
18,CONTROLE DE TRÁFEGO AÉREO,1,3,2018-04-02,2018-04-02
18,JOÃO CAMPOS,1,2,2018-04-02,2018-04-02
18,DESEMBARGADORES ADALBERTO DE OLIVEIRA MELO,1,4,2018-04-02,2018-04-02
18,IVAN DE SOUZA VALENÇA,1,3,2018-04-02,2018-04-02
18,PRIMEIRA EDIÇÃO,1,2,2018-04-24,2018-04-24
18,AOS PAÍSES REPÚBLICA FEDERAL DA ALEMANHA,1,5,2018-04-24,2018-04-24
18,DO JAPÃO,1,1,2018-04-24,2018-04-24
18,GIOVANI ANDRADAOLIVEIRA,1,2,2018-04-24,2018-04-24
18,SIMONE SANTANAE TERESALEITÃO,1,3,2018-04-25,2018-04-25
18,DELMIRO DANTAS CAMPOS NETO,1,4,2018-06-05,2018-06-05
18,DESEMBARGADOR ADALBERTO DE OLIVEIRA MELO,1,4,2018-06-05,2018-06-05
18,FÁBIO MARTINS GOUVEIA,1,3,2018-06-06,2018-06-06
18,COMPOSITOR PETRÚCIO AMORIM,1,3,2018-09-19,2018-09-19
18,DE RESSEGUROS,1,1,2018-09-24,2018-09-24
18,DE CAPITALIZAÇÃO,1,1,2018-09-24,2018-09-24
18,DE PREVIDÊNCIA PRIVADA,1,2,2018-09-24,2018-09-24
18,DAS EMPRESAS CORRETORAS DE SEGUROS,1,3,2018-09-24,2018-09-24
18,IN MEMORIAM,1,1,2018-11-06,2018-11-06
18,SÍLVIO COSTA,1,2,2018-12-12,2018-12-12
18,FILHO,1,1,2018-12-12,2018-12-12
18,VINÍCIUS LABANCAE WALDEMAR BORGES,1,4,2018-12-12,2018-12-12
19,PRISCILA KRAUSE BRANCO,1,3,2019-02-04,2019-02-04
19,SUPERINTENDENTE DE CERIMONIAL DESTA CASA,2,4,2019-02-13,2019-06-05
19,IN MEMORIAM,1,1,2019-02-13,2019-02-13
19,RESPECTIVAMENTE,4,1,2019-02-20,2019-05-27
19,PASTOR CLIETON COLLINS,1,3,2019-02-26,2019-02-26
19,COMPOSITOR ED CARLOS,1,2,2019-03-20,2019-03-20
19,AO INSTITUTO DOM HÉLDER CÂMARA,1,4,2019-03-25,2019-03-25
19,DESEMBARGADORES ADALBERTO DE OLIVEIRA MELO,1,4,2019-04-02,2019-04-02
19,AGENOR FERREIRA DE LIMA FILHO,1,4,2019-04-02,2019-04-02
19,NILTON MOTA,1,2,2019-04-02,2019-04-02
19,DESEMBARGADORA ENEIDA MELO CORREIA DE ARAÚJO,1,5,2019-04-02,2019-04-02
19,VICE-DIRETORA DA ESCOLA JUDICIAL,1,4,2019-04-02,2019-04-02
19,DE VITÓRIA DE SANTO ANTÃO,1,3,2019-05-07,2019-05-07
19,ALUÍSIO LESSAE RODRIGO NOVAES,1,4,2019-05-06,2019-05-06
19,ESTE,6,1,2019-05-27,2019-09-17
19,TACARATU,1,1,2019-05-27,2019-05-27
19,TACAIMBÓ,1,1,2019-05-27,2019-05-27
19,FERREIROS,1,1,2019-05-27,2019-05-27
19,Ubiratan Sanderson,1,2,2019-05-06,2019-05-06
19,Tadeu Alencar,1,2,2019-05-06,2019-05-06
19,ESTA,3,1,2019-06-27,2019-09-10
19,NO PERÍODO DA DITADURA,1,2,2019-08-26,2019-08-26
19,PARA SEUS FAMILIARES,1,3,2019-08-26,2019-08-26
19,ORIUNDA DO ALTO JOSÉ DO PINHO,1,4,2019-08-28,2019-08-28
19,LUIZ GONZAGA,1,2,2019-09-04,2019-09-04
19,MARCO AURELIO MEPROFESSOR PAULO DUTRA,1,5,2019-09-05,2019-09-05
19,U AMIGO,1,1,2019-09-05,2019-09-05
19,NO BRASIL,1,1,2019-09-09,2019-09-09
19,DA IGREJA EVANGÉLICA CONGREGACIONAL,1,3,2019-09-09,2019-09-09
19,DOENÇAS RARAS,1,2,2019-09-23,2019-09-23
19,MELO NUNES,1,2,2019-09-25,2019-09-25
19,PERSONALIDADES QUE PRESERVAM,1,3,2019-10-07,2019-10-07
19,PAULO ROBERTO FERNANDES PINTO JUNIOR,1,5,2019-10-15,2019-10-15
19,FÁBIO VINÍCIUS FERREIRA MOREIRA,2,4,2019-10-15,2021-12-07
19,JOSE MONSUETO CRUZ,1,3,2019-10-15,2019-10-15
19,PEDRO HENRIQUE ROCHA DE PAIVA,1,4,2019-10-15,2019-10-15
19,DA FORÇA AÉREA BRASILEIRA,1,3,2019-10-29,2019-10-29
19,ISALTINO NASCINENTO,1,2,2019-11-13,2019-11-13
19,Fabrício Ferraz,1,2,2019-10-21,2019-10-21
19,DOM JOSÉ RUI GONÇALVES LOPES,1,5,2020-02-05,2020-02-05
19,SUPERINTENDENTE-GERAL,2,2,2020-03-10,2021-12-07
19,HÉLIO LÚCIO DANTAS DA SILVA,2,4,2020-03-10,2021-12-07
19,PROCURADOR GERAL DESTA CASA,1,4,2020-03-10,2020-03-10
19,MAURÍCIO MOURA MARANHÃO DA FONTE,1,4,2020-03-10,2020-03-10
19,das Juntas,1,1,2021-04-01,2021-04-01
19,DELEGADAGLEIDE ÂNGELO,2,2,2019-11-27,2022-08-31
19,SEGUNDA SUPLENTE,1,2,2021-12-07,2021-12-07
19,QUARTO SUPLENTE,1,2,2021-12-07,2021-12-07
19,SEXTA SUPLENTE,1,2,2021-12-07,2021-12-07
19,PROCURADOR GERAL,1,2,2021-12-07,2021-12-07
19,CHRISTIANE VASCONCELLOS,1,2,2021-12-07,2021-12-07
19,CONSULTOR GERAL,1,2,2021-12-07,2021-12-07
19,CÁSSIA VILLARIM,1,2,2021-12-07,2021-12-07
19,SEJA FEITA A LAVRATURA DO TERMO,1,4,2022-04-13,2022-04-13
19,CLAUDIANO MARTINS FILHO FABÍOLA CABRAL,1,5,2022-05-31,2022-05-31
19,CORONELALBERTO FEITOSA,2,2,2022-09-05,2022-10-19
19,MARCO AURÉLIO MEU AUMIGO,1,4,2022-09-12,2022-09-12
19,SIMONE SANTANAE WANDERSON FLORÊNCIO,1,4,2022-11-24,2022-11-24
19,LORENA DE MEDEIROS SANTOS,1,3,2022-11-29,2022-11-29
19,MÁRCIA BASTOS BALAZEIRO COELHO,1,4,2022-11-29,2022-11-29
20,RESPECTIVAMENTE,3,1,2023-03-21,2023-09-12
20,JOEL DA HARPA PARA PRIMEIRA,2,4,2023-05-03,2023-09-12
20,CASAS BANDEIRANTES,1,2,2023-11-13,2023-11-13
20,GRUPO TUPAN,1,2,2023-11-13,2023-11-13
20,Isaias Régis,1,2,2024-04-02,2024-04-02
20,Claudiano Martins,2,2,2024-04-02,2025-08-18
20,CONSIDERARA-SE,1,1,2024-05-15,2024-05-15
20,FRANCISCO ROBERTO MACHADO,1,3,2024-06-06,2024-06-06
20,CID MARCONI GURGEL DE SOUZA,1,4,2024-06-06,2024-06-06
20,LEONARDO HENRIQUE DE CAVALCANTE CARVALHO,1,4,2024-06-06,2024-06-06
20,LEONARDO AUGUSTO NUNES COUTINHO,1,4,2024-06-06,2024-06-06
20,Willian Brígido,1,2,2025-08-18,2025-08-18
20,JOÃO PAULO COSTA MÁRIO RICARDO,1,5,2026-03-31,2026-03-31
15,Maviael Cavalacanti,2,2,2003-05-16,2003-09-02
