legislatura,nome_normalizado,sq_candidato,id_mandato_bocel,condicao,forma_saida,n_sessoes_presente,data_prim,data_ult,saiu_na_serie,ficou_ate_o_fim,serie_densa,serie_alcanca_fim,n_presencas_trecho_final
25,ACILON,600000607151011,M1998_CE_7_15101_600000607151011,titular,nao_observado,0,,,FALSE,FALSE,FALSE,FALSE,0
25,AGACI,600000607251111,,suplente,suplente_efetivado,0,,,FALSE,FALSE,FALSE,FALSE,0
25,ANTONIO JACO,600000607111021,,suplente,suplente_efetivado,0,,,FALSE,FALSE,FALSE,FALSE,0
25,ARTUR BRUNO,600000607132221,M1998_CE_7_13222_600000607132221,titular,nao_observado,0,,,FALSE,FALSE,FALSE,FALSE,0
25,BARROSO,600000607142341,,suplente,suplente_efetivado,0,,,FALSE,FALSE,FALSE,FALSE,0
25,BOSCO,600000607451011,M1998_CE_7_45101_600000607451011,titular,nao_observado,0,,,FALSE,FALSE,FALSE,FALSE,0
25,CAETANO,600000607123001,,suplente,suplente_efetivado,0,,,FALSE,FALSE,FALSE,FALSE,0
25,CANDIDA FIGUEIREDO,600000607451451,,suplente,suplente_efetivado,0,,,FALSE,FALSE,FALSE,FALSE,0
25,CARLOMANO,600000607151501,M1998_CE_7_15150_600000607151501,titular,nao_observado,0,,,FALSE,FALSE,FALSE,FALSE,0
25,CC,600000607251171,M1998_CE_7_25117_600000607251171,titular,nao_observado,0,,,FALSE,FALSE,FALSE,FALSE,0
25,DOMINGOS FILHO,600000607151461,M1998_CE_7_15146_600000607151461,titular,nao_observado,0,,,FALSE,FALSE,FALSE,FALSE,0
25,DR DIONISIO,600000607456541,M1998_CE_7_45654_600000607456541,titular,nao_observado,0,,,FALSE,FALSE,FALSE,FALSE,0
25,DR GIOVANNI,600000607121231,M1998_CE_7_12123_600000607121231,titular,nao_observado,0,,,FALSE,FALSE,FALSE,FALSE,0
25,DR HUGO,600000607456781,M1998_CE_7_45678_600000607456781,titular,nao_observado,0,,,FALSE,FALSE,FALSE,FALSE,0
25,DR PINHEIRO,600000607141111,M1998_CE_7_14111_600000607141111,titular,nao_observado,0,,,FALSE,FALSE,FALSE,FALSE,0
25,EDILMO COSTA,600000607151561,,suplente,suplente_efetivado,0,,,FALSE,FALSE,FALSE,FALSE,0
25,EUDORO SANTANA,600000607401231,M1998_CE_7_40123_600000607401231,titular,nao_observado,0,,,FALSE,FALSE,FALSE,FALSE,0
25,FABIOLA ALENCAR,600000607119991,M1998_CE_7_11999_600000607119991,titular,nao_observado,0,,,FALSE,FALSE,FALSE,FALSE,0
25,FRANCINI,600000607454441,M1998_CE_7_45444_600000607454441,titular,nao_observado,0,,,FALSE,FALSE,FALSE,FALSE,0
25,FRANCISCO AGUIAR,600000607231111,M1998_CE_7_23111_600000607231111,titular,nao_observado,0,,,FALSE,FALSE,FALSE,FALSE,0
25,GONY,600000607454551,M1998_CE_7_45455_600000607454551,titular,nao_observado,0,,,FALSE,FALSE,FALSE,FALSE,0
25,GORETE PEREIRA,600000607251231,M1998_CE_7_25123_600000607251231,titular,nao_observado,0,,,FALSE,FALSE,FALSE,FALSE,0
25,GUIMARAES,600000607131231,,suplente,suplente_efetivado,0,,,FALSE,FALSE,FALSE,FALSE,0
25,GUMERCINDO TOURINHO FILHO,600000607455551,,suplente,suplente_efetivado,0,,,FALSE,FALSE,FALSE,FALSE,0
25,IDEMAR CITO,600000607453001,M1998_CE_7_45300_600000607453001,titular,nao_observado,0,,,FALSE,FALSE,FALSE,FALSE,0
25,ILARIO MARQUES,600000607134561,M1998_CE_7_13456_600000607134561,titular,nao_observado,0,,,FALSE,FALSE,FALSE,FALSE,0
25,INES,600000607451101,M1998_CE_7_45110_600000607451101,titular,nao_observado,0,,,FALSE,FALSE,FALSE,FALSE,0
25,JOAO ALFREDO,600000607131211,M1998_CE_7_13121_600000607131211,titular,nao_observado,0,,,FALSE,FALSE,FALSE,FALSE,0
25,JOSE ALBUQUERQUE,600000607231101,,suplente,suplente_efetivado,0,,,FALSE,FALSE,FALSE,FALSE,0
25,LOPES,600000607651651,M1998_CE_7_65165_600000607651651,titular,nao_observado,0,,,FALSE,FALSE,FALSE,FALSE,0
25,MANOEL DUCA,600000607451241,M1998_CE_7_45124_600000607451241,titular,nao_observado,0,,,FALSE,FALSE,FALSE,FALSE,0
25,MANOEL VERAS,600000607231231,M1998_CE_7_23123_600000607231231,titular,nao_observado,0,,,FALSE,FALSE,FALSE,FALSE,0
25,MARCELIO,600000607451221,M1998_CE_7_45122_600000607451221,titular,nao_observado,0,,,FALSE,FALSE,FALSE,FALSE,0
25,MARCOS CALS,600000607451411,M1998_CE_7_45141_600000607451411,titular,nao_observado,0,,,FALSE,FALSE,FALSE,FALSE,0
25,MARCOS TAVARES,600000607451172,,suplente,suplente_efetivado,0,,,FALSE,FALSE,FALSE,FALSE,0
25,MAURILIO BANHOS,600000607151101,,suplente,suplente_efetivado,0,,,FALSE,FALSE,FALSE,FALSE,0
25,MAURO FILHO,600000607230001,M1998_CE_7_23000_600000607230001,titular,nao_observado,0,,,FALSE,FALSE,FALSE,FALSE,0
25,MOESIO,600000607451501,M1998_CE_7_45150_600000607451501,titular,nao_observado,0,,,FALSE,FALSE,FALSE,FALSE,0
25,ORIEL NUNES,600000607151331,,suplente,suplente_efetivado,0,,,FALSE,FALSE,FALSE,FALSE,0
25,OSMAR BAQUIT,600000607223451,M1998_CE_7_22345_600000607223451,titular,nao_observado,0,,,FALSE,FALSE,FALSE,FALSE,0
25,PASTOR HERIBERTO,600000607151471,M1998_CE_7_15147_600000607151471,titular,nao_observado,0,,,FALSE,FALSE,FALSE,FALSE,0
25,PATRICIA GOMES,600000607234561,M1998_CE_7_23456_600000607234561,titular,nao_observado,0,,,FALSE,FALSE,FALSE,FALSE,0
25,PAULO AFONSO,600000607141411,M1998_CE_7_14141_600000607141411,titular,nao_observado,0,,,FALSE,FALSE,FALSE,FALSE,0
25,PAULO DUARTE,600000607451231,M1998_CE_7_45123_600000607451231,titular,nao_observado,0,,,FALSE,FALSE,FALSE,FALSE,0
25,PAULO LINHARES,600000607459001,M1998_CE_7_45900_600000607459001,titular,nao_observado,0,,,FALSE,FALSE,FALSE,FALSE,0
25,PEDRO TIMBO,600000607453331,M1998_CE_7_45333_600000607453331,titular,nao_observado,0,,,FALSE,FALSE,FALSE,FALSE,0
25,PEDRO UCHOA,600000607201161,M1998_CE_7_20116_600000607201161,titular,nao_observado,0,,,FALSE,FALSE,FALSE,FALSE,0
25,RAIMUNDO MACEDO,600000607456901,M1998_CE_7_45690_600000607456901,titular,nao_observado,0,,,FALSE,FALSE,FALSE,FALSE,0
25,RICARDO,600000607121111,M1998_CE_7_12111_600000607121111,titular,nao_observado,0,,,FALSE,FALSE,FALSE,FALSE,0
25,ROGERIO AGUIAR,600000607451441,M1998_CE_7_45144_600000607451441,titular,nao_observado,0,,,FALSE,FALSE,FALSE,FALSE,0
25,ROMULO COELHO,600000607121441,,suplente,suplente_efetivado,0,,,FALSE,FALSE,FALSE,FALSE,0
25,SARTO,600000607151111,M1998_CE_7_15111_600000607151111,titular,nao_observado,0,,,FALSE,FALSE,FALSE,FALSE,0
25,SERGIO BENEVIDES,600000607151551,M1998_CE_7_15155_600000607151551,titular,nao_observado,0,,,FALSE,FALSE,FALSE,FALSE,0
25,SINEVAL ROQUE,600000607456661,M1998_CE_7_45666_600000607456661,titular,nao_observado,0,,,FALSE,FALSE,FALSE,FALSE,0
25,TEODORICO MENEZES,600000607451111,M1998_CE_7_45111_600000607451111,titular,nao_observado,0,,,FALSE,FALSE,FALSE,FALSE,0
25,TOMAZ BRANDAO,600000607451371,M1998_CE_7_45137_600000607451371,titular,nao_observado,0,,,FALSE,FALSE,FALSE,FALSE,0
25,VALDOMIRO TAVORA,600000607111111,M1998_CE_7_11111_600000607111111,titular,nao_observado,0,,,FALSE,FALSE,FALSE,FALSE,0
25,VASQUES LANDIM,600000607451701,M1998_CE_7_45170_600000607451701,titular,nao_observado,0,,,FALSE,FALSE,FALSE,FALSE,0
25,WELINGTON LANDIM,600000607451141,M1998_CE_7_45114_600000607451141,titular,nao_observado,0,,,FALSE,FALSE,FALSE,FALSE,0
25,XIMENES,600000607142001,,suplente,suplente_efetivado,0,,,FALSE,FALSE,FALSE,FALSE,0
26,ADAHIL BARRETO,186,M2002_CE_7_45140_186,titular,nao_observado,427,2003-02-18,2004-12-15,FALSE,FALSE,TRUE,FALSE,0
26,AGENOR NETO,135,M2002_CE_7_45888_135,titular,renuncia,337,2003-02-18,2004-12-15,FALSE,FALSE,TRUE,FALSE,0
26,ANA PAULA CRUZ,255,M2002_CE_7_25147_255,titular,nao_observado,362,2003-02-18,2004-12-15,FALSE,FALSE,TRUE,FALSE,0
26,ANTONIO ALMEIDA,1030,,suplente,suplente_efetivado,37,2004-06-17,2004-10-08,FALSE,FALSE,TRUE,FALSE,0
26,ANTONIO GRANJA,1057,M2002_CE_7_40000_1057,titular,nao_observado,392,2003-02-18,2004-12-15,FALSE,FALSE,TRUE,FALSE,0
26,ARIMATEIA,276,,suplente,suplente_efetivado,0,,,FALSE,FALSE,FALSE,FALSE,0
26,AVELINO FORTE,719,,suplente,suplente_efetivado,119,2003-09-03,2004-10-08,FALSE,FALSE,TRUE,FALSE,0
26,BRUNO,527,M2002_CE_7_13222_527,titular,nao_observado,369,2003-02-18,2004-12-15,FALSE,FALSE,TRUE,FALSE,0
26,CAETANO GUEDES,714,,suplente,suplente_efetivado,146,2004-03-10,2004-12-15,FALSE,FALSE,TRUE,FALSE,0
26,CAMINHA,340,M2002_CE_7_31777_340,titular,nao_observado,289,2003-02-18,2004-12-15,FALSE,FALSE,TRUE,FALSE,0
26,CANDIDA FIGUEIREDO,711,,suplente,suplente_efetivado,80,2003-06-20,2003-10-09,TRUE,FALSE,TRUE,FALSE,0
26,CARLOMANO,486,M2002_CE_7_15150_486,titular,outro,164,2003-02-18,2004-06-29,TRUE,FALSE,TRUE,FALSE,0
26,CHICO LOPES,650,M2002_CE_7_65165_650,titular,nao_observado,429,2003-02-19,2004-12-15,FALSE,FALSE,TRUE,FALSE,0
26,DELEGADO CAVALCANTE,179,M2002_CE_7_41234_179,titular,nao_observado,418,2003-02-18,2004-12-15,FALSE,FALSE,TRUE,FALSE,0
26,DOMINGOS FILHO,504,M2002_CE_7_15333_504,titular,nao_observado,288,2003-02-18,2004-12-15,FALSE,FALSE,TRUE,FALSE,0
26,DR GERARDO SOARES,323,,suplente,suplente_efetivado,0,,,FALSE,FALSE,FALSE,FALSE,0
26,DR HUGO FERNANDO HUGO,169,M2002_CE_7_45678_169,titular,nao_observado,453,2003-02-18,2004-12-15,FALSE,FALSE,TRUE,FALSE,0
26,DR JAZIEL,828,M2002_CE_7_22125_828,titular,nao_observado,303,2003-02-18,2004-11-23,FALSE,FALSE,TRUE,FALSE,0
26,DR LUCILVIO GIRAO SALES,438,M2002_CE_7_22345_438,titular,nao_observado,382,2003-02-18,2004-12-10,FALSE,FALSE,TRUE,FALSE,0
26,DR NIVALDO,360,,suplente,suplente_efetivado,82,2003-08-29,2003-12-11,TRUE,FALSE,TRUE,FALSE,0
26,DR RAIMUNDO MACEDO,149,M2002_CE_7_45222_149,titular,nao_observado,128,2003-02-18,2004-12-15,FALSE,FALSE,TRUE,FALSE,0
26,DUQUINHA,491,,suplente,suplente_efetivado,336,2003-02-18,2004-12-14,FALSE,FALSE,TRUE,FALSE,0
26,FABIOLA ALENCAR,684,,suplente,suplente_efetivado,30,2004-06-09,2004-10-07,FALSE,FALSE,TRUE,FALSE,0
26,FRANCINI GUEDES,733,,suplente,suplente_efetivado,397,2003-02-18,2004-12-15,FALSE,FALSE,TRUE,FALSE,0
26,FRANCISCO AGUIAR,703,M2002_CE_7_23111_703,titular,nao_observado,438,2003-02-18,2004-12-15,FALSE,FALSE,TRUE,FALSE,0
26,FROTA CAVALCANTE,356,,suplente,suplente_efetivado,0,,,FALSE,FALSE,FALSE,FALSE,0
26,GILBERTO,1087,M2002_CE_7_31321_1087,titular,nao_observado,410,2003-02-18,2004-12-15,FALSE,FALSE,TRUE,FALSE,0
26,GISLAINE,1056,M2002_CE_7_40114_1056,titular,nao_observado,365,2003-02-18,2004-12-15,FALSE,FALSE,TRUE,FALSE,0
26,GOMES FARIAS,704,M2002_CE_7_18810_704,titular,nao_observado,316,2003-02-18,2004-12-15,FALSE,FALSE,TRUE,FALSE,0
26,GONY ARRUDA,175,M2002_CE_7_45455_175,titular,nao_observado,424,2003-02-18,2004-12-15,FALSE,FALSE,TRUE,FALSE,0
26,GUARACY AGUIAR,263,,suplente,suplente_efetivado,87,2004-08-04,2004-12-15,FALSE,FALSE,TRUE,FALSE,0
26,GUIMARAES,269,M2002_CE_7_13123_269,titular,nao_observado,384,2003-02-20,2004-12-15,FALSE,FALSE,TRUE,FALSE,0
26,HEITOR FERRER,566,M2002_CE_7_12350_566,titular,nao_observado,449,2003-02-18,2004-12-15,FALSE,FALSE,TRUE,FALSE,0
26,IDEMAR CITO,139,M2002_CE_7_45300_139,titular,nao_observado,354,2003-02-18,2004-12-14,FALSE,FALSE,TRUE,FALSE,0
26,INES ARRUDA,496,M2002_CE_7_15999_496,titular,renuncia,218,2003-02-18,2004-12-15,FALSE,FALSE,TRUE,FALSE,0
26,IRIS,266,M2002_CE_7_13580_266,titular,nao_observado,351,2003-02-18,2004-12-15,FALSE,FALSE,TRUE,FALSE,0
26,IVO,700,M2002_CE_7_23456_700,titular,nao_observado,356,2003-02-18,2004-12-15,FALSE,FALSE,TRUE,FALSE,0
26,JEFFERSON VIANA,651,,suplente,suplente_efetivado,0,,,FALSE,FALSE,FALSE,FALSE,0
26,JOAO JAIME,141,M2002_CE_7_45000_141,titular,nao_observado,366,2003-02-19,2004-12-15,FALSE,FALSE,TRUE,FALSE,0
26,JOSE MARIA PIMEENTA,136,,suplente,suplente_efetivado,0,,,FALSE,FALSE,FALSE,FALSE,0
26,JOSE WILSON,678,,suplente,suplente_efetivado,0,,,FALSE,FALSE,FALSE,FALSE,0
26,LEDA MOREIRA,503,M2002_CE_7_17618_503,titular,nao_observado,371,2003-02-18,2004-12-15,FALSE,FALSE,TRUE,FALSE,0
26,LUIZIANNE LINS,403,M2002_CE_7_13121_403,titular,nao_observado,319,2003-02-18,2004-12-10,FALSE,FALSE,TRUE,FALSE,0
26,MANOEL DE CASTRO,487,,suplente,suplente_efetivado,50,2004-06-09,2004-12-15,FALSE,FALSE,TRUE,FALSE,0
26,MANOEL VERAS,131,M2002_CE_7_45145_131,titular,outro,153,2003-02-18,2003-10-03,TRUE,FALSE,TRUE,FALSE,0
26,MARCELO SOBREIRA,174,,suplente,suplente_efetivado,0,,,FALSE,FALSE,FALSE,FALSE,0
26,MARCOS CALS,128,M2002_CE_7_45555_128,titular,nao_observado,452,2003-02-18,2004-12-15,FALSE,FALSE,TRUE,FALSE,0
26,MARCOS TAVARES,727,M2002_CE_7_11234_727,titular,nao_observado,349,2003-02-18,2004-12-15,FALSE,FALSE,TRUE,FALSE,0
26,MAURO FILHO,715,M2002_CE_7_23000_715,titular,nao_observado,50,2004-06-02,2004-11-12,FALSE,FALSE,TRUE,FALSE,0
26,MEYRE COSTA LIMA,132,M2002_CE_7_45999_132,titular,nao_observado,0,,,FALSE,FALSE,FALSE,FALSE,0
26,MOESIO LOIOLA,129,M2002_CE_7_45150_129,titular,nao_observado,381,2003-02-18,2004-12-15,FALSE,FALSE,TRUE,FALSE,0
26,NELSON MARTINS,416,M2002_CE_7_13654_416,titular,nao_observado,430,2003-02-18,2004-12-15,FALSE,FALSE,TRUE,FALSE,0
26,OSMAR BAQUIT,133,M2002_CE_7_45111_133,titular,nao_observado,416,2003-02-18,2004-12-15,FALSE,FALSE,TRUE,FALSE,0
26,PASTOR RONALDO MARTINS,452,M2002_CE_7_22222_452,titular,nao_observado,448,2003-02-18,2004-12-15,FALSE,FALSE,TRUE,FALSE,0
26,PAULO CESAR,685,,suplente,suplente_efetivado,69,2003-11-20,2004-11-25,FALSE,FALSE,TRUE,FALSE,0
26,PAULO DUARTE,130,,suplente,suplente_efetivado,377,2003-02-18,2004-12-15,FALSE,FALSE,TRUE,FALSE,0
26,PEDRO TIMBO,147,M2002_CE_7_45333_147,titular,nao_observado,388,2003-02-19,2004-12-14,FALSE,FALSE,TRUE,FALSE,0
26,PEDRO UCHOA,232,M2002_CE_7_15678_232,titular,nao_observado,352,2003-02-18,2004-12-15,FALSE,FALSE,TRUE,FALSE,0
26,RACHEL,1067,,suplente,suplente_efetivado,0,,,FALSE,FALSE,FALSE,FALSE,0
26,REGINA CARDOSO,448,,suplente,suplente_efetivado,21,2004-06-23,2004-08-17,FALSE,FALSE,TRUE,FALSE,0
26,ROGERIO AGUIAR,166,M2002_CE_7_45144_166,titular,nao_observado,99,2003-06-04,2004-12-15,FALSE,FALSE,TRUE,FALSE,0
26,SARTO,697,,suplente,suplente_efetivado,366,2003-02-18,2004-12-15,FALSE,FALSE,TRUE,FALSE,0
26,SAVIO PONTES,482,,suplente,suplente_efetivado,121,2003-08-06,2004-12-01,FALSE,FALSE,TRUE,FALSE,0
26,SERGIO BENEVIDES,827,M2002_CE_7_15155_827,titular,cassacao,203,2003-06-13,2004-10-20,FALSE,FALSE,TRUE,FALSE,0
26,SILVIO FROTA,354,,suplente,suplente_efetivado,0,,,FALSE,FALSE,FALSE,FALSE,0
26,SINEVAL ROQUE,142,M2002_CE_7_45666_142,titular,nao_observado,189,2003-02-18,2004-12-15,FALSE,FALSE,TRUE,FALSE,0
26,STANLEY LEAO,689,,suplente,suplente_efetivado,0,,,FALSE,FALSE,FALSE,FALSE,0
26,TANIA GURGEL,146,M2002_CE_7_45645_146,titular,nao_observado,440,2003-02-18,2004-12-15,FALSE,FALSE,TRUE,FALSE,0
26,TEO MENEZES,449,,suplente,suplente_efetivado,96,2004-04-16,2004-12-15,FALSE,FALSE,TRUE,FALSE,0
26,TOMAZ BRANDAO,144,,suplente,suplente_efetivado,0,,,FALSE,FALSE,FALSE,FALSE,0
26,VALDOMIRO TAVORA,701,M2002_CE_7_11111_701,titular,outro,215,2003-02-18,2004-03-05,TRUE,FALSE,TRUE,FALSE,0
26,VASQUES LANDIM,134,M2002_CE_7_45170_134,titular,licenca,0,,,FALSE,FALSE,FALSE,FALSE,0
26,VIRGINIA,164,,suplente,suplente_efetivado,0,,,FALSE,FALSE,FALSE,FALSE,0
26,ZEZINHO OU ZE ALBUQUERQUE,698,M2002_CE_7_23444_698,titular,nao_observado,263,2003-02-18,2004-12-14,FALSE,FALSE,TRUE,FALSE,0
27,ADAHIL BARRETO,10194,M2006_CE_7_45140_10194,titular,fim_regular,577,2008-02-08,2011-01-20,FALSE,TRUE,TRUE,TRUE,10
27,ADAIL CARNEIRO,10761,,suplente,suplente_efetivado,89,2008-08-05,2008-11-27,TRUE,FALSE,TRUE,TRUE,0
27,ANA PAULA CRUZ,10358,,suplente,suplente_efetivado,320,2008-02-12,2011-01-20,FALSE,TRUE,TRUE,TRUE,10
27,ANTONIO GRANJA,10291,M2006_CE_7_40000_10291,titular,fim_regular,376,2008-02-08,2011-01-19,FALSE,TRUE,TRUE,TRUE,10
27,AUGUSTINHO MOREIRA,10672,M2006_CE_7_43618_10672,titular,fim_regular,410,2008-02-08,2011-01-20,FALSE,TRUE,TRUE,TRUE,15
27,BRUNO,10327,M2006_CE_7_13222_10327,titular,fim_regular,521,2008-02-08,2011-01-20,FALSE,TRUE,TRUE,TRUE,11
27,CAMINHA,10623,M2006_CE_7_31777_10623,titular,fim_regular,379,2008-03-05,2011-01-20,FALSE,TRUE,TRUE,TRUE,13
27,CARLOMANO,10359,M2006_CE_7_15150_10359,titular,fim_regular,74,2008-07-02,2011-01-20,FALSE,TRUE,TRUE,TRUE,12
27,CIRILO PIMENTA,10199,M2006_CE_7_45175_10199,titular,fim_regular,348,2008-02-08,2011-01-20,FALSE,TRUE,TRUE,TRUE,15
27,DEDE TEIXEIRA,10326,,suplente,suplente_efetivado,415,2008-02-12,2011-01-20,FALSE,TRUE,TRUE,TRUE,10
27,DELEGADO CAVALCANTE,10201,,suplente,suplente_efetivado,0,,,FALSE,FALSE,FALSE,FALSE,0
27,DOMINGOS FILHO,10363,M2006_CE_7_15333_10363,titular,nao_observado,345,2008-02-08,2009-12-15,FALSE,FALSE,TRUE,TRUE,0
27,DR CHICO RODRIGUES,10140,,suplente,suplente_efetivado,44,2009-08-27,2009-12-10,FALSE,FALSE,TRUE,TRUE,0
27,DR HUGO,10213,M2006_CE_7_45678_10213,titular,fim_regular,523,2008-02-08,2011-01-20,FALSE,TRUE,TRUE,TRUE,15
27,DR JAZIEL,10356,,suplente,suplente_efetivado,272,2008-02-12,2011-01-20,FALSE,TRUE,TRUE,TRUE,15
27,DR LEONARDO PINHEIRO,10617,,suplente,suplente_efetivado,12,2008-02-12,2008-03-04,TRUE,FALSE,TRUE,TRUE,0
27,DR SARTO,10307,M2006_CE_7_40789_10307,titular,fim_regular,310,2008-02-13,2011-01-20,FALSE,TRUE,TRUE,TRUE,15
27,DR WASHINGTON,10460,M2006_CE_7_26456_10460,titular,outro,204,2008-02-29,2008-12-18,TRUE,FALSE,TRUE,TRUE,0
27,EDISIO PACHECO,10684,M2006_CE_7_43600_10684,titular,fim_regular,315,2008-02-08,2011-01-20,FALSE,TRUE,TRUE,TRUE,13
27,EDSON SILVA,10169,M2006_CE_7_25190_10169,titular,fim_regular,485,2008-02-08,2011-01-20,FALSE,TRUE,TRUE,TRUE,15
27,ELY AGUIAR,10104,M2006_CE_7_27022_10104,titular,outro,311,2008-02-08,2009-08-26,TRUE,FALSE,TRUE,TRUE,0
27,FERREIRA ARAGAO,10514,M2006_CE_7_12999_10514,titular,fim_regular,488,2008-02-08,2011-01-20,FALSE,TRUE,TRUE,TRUE,15
27,FRANCINI GUEDES,10206,,suplente,suplente_efetivado,69,2008-10-22,2009-02-19,TRUE,FALSE,TRUE,TRUE,0
27,GILBERTO RODRIGUES,10607,,suplente,suplente_efetivado,40,2009-11-04,2009-12-16,FALSE,FALSE,TRUE,TRUE,0
27,GOMES FARIAS,10147,M2006_CE_7_27810_10147,titular,outro,282,2008-02-08,2009-10-20,TRUE,FALSE,TRUE,TRUE,0
27,GONY ARRUDA,10207,M2006_CE_7_45455_10207,titular,nao_observado,442,2008-02-12,2009-12-16,FALSE,FALSE,TRUE,TRUE,0
27,GUARACY AGUIAR,10355,,suplente,suplente_efetivado,181,2009-06-02,2011-01-20,FALSE,TRUE,TRUE,TRUE,15
27,HEITOR FERRER,10501,M2006_CE_7_12350_10501,titular,fim_regular,523,2008-02-08,2011-01-20,FALSE,TRUE,TRUE,TRUE,15
27,HERMINIO RESENDE,10737,M2006_CE_7_17000_10737,titular,fim_regular,396,2008-02-08,2011-01-20,FALSE,TRUE,TRUE,TRUE,12
27,IDEMAR CITO,10204,,suplente,suplente_efetivado,179,2008-06-20,2009-07-16,TRUE,FALSE,TRUE,TRUE,0
27,IVO GOMES,10293,M2006_CE_7_40111_10293,titular,nao_observado,0,,,FALSE,FALSE,FALSE,FALSE,0
27,JOAO ANANIAS,10649,M2006_CE_7_65651_10649,titular,fim_regular,15,2011-01-13,2011-01-20,FALSE,TRUE,TRUE,TRUE,15
27,JOAO JAIME,10186,M2006_CE_7_45000_10186,titular,fim_regular,332,2008-02-08,2011-01-19,FALSE,TRUE,TRUE,TRUE,2
27,JOSE ILO,10216,M2006_CE_7_45888_10216,titular,nao_observado,0,,,FALSE,FALSE,FALSE,FALSE,0
27,JULIO CESAR,10215,M2006_CE_7_45789_10215,titular,fim_regular,401,2008-02-08,2011-01-20,FALSE,TRUE,TRUE,TRUE,15
27,LAVOISIER FERRER ZIER,10430,,suplente,suplente_efetivado,94,2009-04-07,2009-07-17,TRUE,FALSE,TRUE,TRUE,0
27,LIVIA ARRUDA,10369,M2006_CE_7_15999_10369,titular,fim_regular,459,2008-02-08,2011-01-19,FALSE,TRUE,TRUE,TRUE,12
27,LUCILVIO GIRAO SALES,10367,M2006_CE_7_15662_10367,titular,fim_regular,359,2008-02-12,2011-01-20,FALSE,TRUE,TRUE,TRUE,8
27,LUIZ PONTES,10208,,suplente,suplente_efetivado,275,2008-02-08,2011-01-20,FALSE,TRUE,TRUE,TRUE,10
27,LULA MORAIS,10650,,suplente,suplente_efetivado,510,2008-02-08,2009-12-16,FALSE,FALSE,TRUE,TRUE,0
27,MANOEL DE CASTRO,10364,,suplente,suplente_efetivado,405,2008-02-08,2011-01-20,FALSE,TRUE,TRUE,TRUE,11
27,MARCOS CALS,10209,M2006_CE_7_45555_10209,titular,fim_regular,13,2011-01-14,2011-01-20,FALSE,TRUE,TRUE,TRUE,13
27,MAURO FILHO,10296,M2006_CE_7_40123_10296,titular,nao_observado,0,,,FALSE,FALSE,FALSE,FALSE,0
27,MOESIO LOIOLA,10197,M2006_CE_7_45150_10197,titular,fim_regular,367,2008-02-12,2011-01-19,FALSE,TRUE,TRUE,TRUE,12
27,NELSON MARTINS,10339,M2006_CE_7_13654_10339,titular,nao_observado,551,2008-02-08,2009-12-16,FALSE,FALSE,TRUE,TRUE,0
27,NENEM COELHO,10214,M2006_CE_7_45777_10214,titular,fim_regular,278,2008-03-18,2011-01-20,FALSE,TRUE,TRUE,TRUE,12
27,NETO NUNES,10365,M2006_CE_7_15555_10365,titular,fim_regular,243,2008-02-12,2011-01-20,FALSE,TRUE,TRUE,TRUE,10
27,NEURAMI,10643,,suplente,suplente_efetivado,74,2008-06-20,2008-10-17,TRUE,FALSE,TRUE,TRUE,0
27,OSMAR BAQUIT,10191,M2006_CE_7_45111_10191,titular,fim_regular,327,2008-02-08,2011-01-19,FALSE,TRUE,TRUE,TRUE,12
27,PAULO DUARTE,10193,,suplente,suplente_efetivado,46,2008-11-04,2009-02-11,TRUE,FALSE,TRUE,TRUE,0
27,PERBOYRE,10774,M2006_CE_7_17999_10774,titular,fim_regular,391,2008-02-12,2011-01-20,FALSE,TRUE,TRUE,TRUE,15
27,PROF TEODORO,10189,M2006_CE_7_45045_10189,titular,fim_regular,498,2008-02-08,2011-01-20,FALSE,TRUE,TRUE,TRUE,15
27,RACHEL MARQUES,10332,M2006_CE_7_13456_10332,titular,fim_regular,383,2008-02-13,2011-01-20,FALSE,TRUE,TRUE,TRUE,15
27,ROBERTO CLAUDIO,10598,M2006_CE_7_31031_10598,titular,fim_regular,500,2008-02-08,2011-01-20,FALSE,TRUE,TRUE,TRUE,15
27,ROGERIO AGUIAR,10195,M2006_CE_7_45144_10195,titular,fim_regular,153,2008-02-08,2011-01-20,FALSE,TRUE,TRUE,TRUE,10
27,ROMULO COELHO,10301,,suplente,suplente_efetivado,132,2009-05-06,2009-12-16,FALSE,FALSE,TRUE,TRUE,0
27,RONALDO MARTINS,10362,M2006_CE_7_15222_10362,titular,fim_regular,496,2008-02-08,2011-01-20,FALSE,TRUE,TRUE,TRUE,15
27,SAVIO PONTES,10354,M2006_CE_7_15111_10354,titular,renuncia,124,2008-02-08,2008-10-28,TRUE,FALSE,TRUE,TRUE,0
27,SERGIO AGUIAR,10308,M2006_CE_7_40888_10308,titular,fim_regular,466,2008-02-08,2011-01-20,FALSE,TRUE,TRUE,TRUE,15
27,SINEVAL ROQUE,10298,M2006_CE_7_40222_10298,titular,fim_regular,212,2008-03-28,2011-01-20,FALSE,TRUE,TRUE,TRUE,15
27,STANLEY LEAO,10110,,suplente,suplente_efetivado,84,2009-08-20,2009-12-16,FALSE,FALSE,TRUE,TRUE,0
27,TANIA GURGEL,10211,,suplente,suplente_efetivado,101,2009-04-03,2009-07-17,TRUE,FALSE,TRUE,TRUE,0
27,TEO MENEZES,10205,M2006_CE_7_45333_10205,titular,fim_regular,447,2008-02-08,2011-01-19,FALSE,TRUE,TRUE,TRUE,12
27,TOMAS FILHO,10196,M2006_CE_7_45145_10196,titular,nao_observado,0,,,FALSE,FALSE,FALSE,FALSE,0
27,TOMAZ,10699,,suplente,suplente_efetivado,87,2009-02-12,2009-06-10,TRUE,FALSE,TRUE,TRUE,0
27,VANDERLEY,10415,,suplente,suplente_efetivado,171,2008-02-08,2011-01-20,FALSE,TRUE,TRUE,TRUE,15
27,VASQUES LANDIM,10198,,suplente,suplente_efetivado,389,2008-02-12,2009-12-16,FALSE,FALSE,TRUE,TRUE,0
27,WEBER,10769,,suplente,suplente_efetivado,19,2009-12-02,2009-12-16,FALSE,FALSE,TRUE,TRUE,0
27,WELINGTON LANDIM,10294,M2006_CE_7_40114_10294,titular,fim_regular,352,2008-02-08,2011-01-20,FALSE,TRUE,TRUE,TRUE,15
27,ZEZINHO ALBUQUERQUE,10303,M2006_CE_7_40444_10303,titular,fim_regular,425,2008-02-08,2011-01-20,FALSE,TRUE,TRUE,TRUE,15
28,ADAHIL BARRETO,60000000020,,suplente,suplente_efetivado,4,2014-10-21,2014-10-30,FALSE,TRUE,TRUE,TRUE,4
28,ADAIL CARNEIRO,60000000250,,suplente,suplente_efetivado,178,2011-11-01,2014-11-06,FALSE,TRUE,TRUE,TRUE,7
28,ADERLANIA NORONHA,60000000476,,suplente,suplente_efetivado,2,2014-02-12,2014-02-26,TRUE,FALSE,TRUE,TRUE,0
28,ADRIANA PEDROSA,60000000136,,suplente,suplente_efetivado,2,2014-02-12,2014-02-26,TRUE,FALSE,TRUE,TRUE,0
28,ANA PAULA CRUZ,60000000427,,suplente,suplente_efetivado,239,2011-08-12,2013-09-05,TRUE,FALSE,TRUE,TRUE,0
28,ANTONIO CARLOS,60000000428,,suplente,suplente_efetivado,747,2011-02-03,2014-08-12,FALSE,FALSE,TRUE,TRUE,0
28,ANTONIO GRANJA,60000000431,M2010_CE_7_40000_60000000431,titular,fim_regular,679,2011-02-04,2014-12-23,FALSE,TRUE,TRUE,TRUE,30
28,AUGUSTINHO MOREIRA,60000000334,M2010_CE_7_43618_60000000334,titular,fim_regular,633,2011-02-03,2014-12-23,FALSE,TRUE,TRUE,TRUE,41
28,BETHROSE,60000000306,M2010_CE_7_44789_60000000306,titular,fim_regular,758,2011-02-03,2014-12-23,FALSE,TRUE,TRUE,TRUE,44
28,CAMILO SANTANA,60000000434,M2010_CE_7_13222_60000000434,titular,fim_regular,217,2012-06-12,2014-11-06,FALSE,TRUE,TRUE,TRUE,3
28,CAPITAO WAGNER,60000000053,,suplente,suplente_efetivado,74,2011-09-29,2014-02-26,TRUE,FALSE,TRUE,TRUE,0
28,CARLOMANO,60000000435,M2010_CE_7_15150_60000000435,titular,fim_regular,428,2011-02-08,2014-12-23,FALSE,TRUE,TRUE,TRUE,26
28,CIRILO PIMENTA,60000000123,,suplente,suplente_efetivado,206,2011-04-05,2012-08-21,TRUE,FALSE,TRUE,TRUE,0
28,DANNIEL OLIVEIRA,60000000437,,suplente,suplente_efetivado,650,2011-02-03,2014-12-23,FALSE,TRUE,TRUE,TRUE,35
28,DEDE TEIXEIRA,60000000451,M2010_CE_7_13200_60000000451,titular,fim_regular,700,2011-02-03,2014-12-23,FALSE,TRUE,TRUE,TRUE,40
28,DELEGADO CAVALCANTE,60000000242,M2010_CE_7_12555_60000000242,titular,fim_regular,479,2011-02-03,2014-12-23,FALSE,TRUE,TRUE,TRUE,29
28,DR GUIMARAES,60000000342,,suplente,suplente_efetivado,1,2013-12-03,2013-12-03,TRUE,FALSE,TRUE,TRUE,0
28,DR HUGO,60000000125,M2010_CE_7_45678_60000000125,titular,fim_regular,862,2011-02-03,2014-12-23,FALSE,TRUE,TRUE,TRUE,49
28,DR JOAO BATISTA,60000000589,,suplente,suplente_efetivado,59,2014-06-03,2014-09-23,FALSE,FALSE,TRUE,TRUE,0
28,DR LEONARDO PINHEIRO,60000000045,M2010_CE_7_22123_60000000045,titular,fim_regular,557,2011-02-08,2014-12-23,FALSE,TRUE,TRUE,TRUE,28
28,DR PIERRE,60000000093,,suplente,suplente_efetivado,124,2011-12-02,2014-02-28,TRUE,FALSE,TRUE,TRUE,0
28,DR SARTO,60000000464,M2010_CE_7_40789_60000000464,titular,fim_regular,758,2011-02-08,2014-12-23,FALSE,TRUE,TRUE,TRUE,52
28,DRA SILVANA,60000000490,,suplente,suplente_efetivado,422,2011-06-02,2014-02-26,TRUE,FALSE,TRUE,TRUE,0
28,DUQUINHA,60000000475,M2010_CE_7_10124_60000000475,titular,fim_regular,862,2011-02-03,2014-12-19,FALSE,TRUE,TRUE,TRUE,47
28,EDISIO PACHECO,60000000350,,suplente,suplente_efetivado,100,2011-04-05,2012-10-23,TRUE,FALSE,TRUE,TRUE,0
28,ELIANE NOVAIS,60000000438,M2010_CE_7_40100_60000000438,titular,fim_regular,802,2011-02-04,2014-12-23,FALSE,TRUE,TRUE,TRUE,43
28,ELY AGUIAR,60000000299,M2010_CE_7_27022_60000000299,titular,fim_regular,697,2011-02-03,2014-12-23,FALSE,TRUE,TRUE,TRUE,46
28,EVANDRO LEITAO,60000000239,,suplente,suplente_efetivado,43,2014-02-26,2014-12-19,FALSE,TRUE,TRUE,TRUE,35
28,FATIMA LEITE,60000000602,,suplente,suplente_efetivado,67,2013-06-04,2013-09-26,TRUE,FALSE,TRUE,TRUE,0
28,FERNANDA PESSOA,60000000922,M2010_CE_7_22000_60000000922,titular,fim_regular,806,2011-02-03,2014-12-23,FALSE,TRUE,TRUE,TRUE,49
28,FERREIRA ARAGAO,60000000266,M2010_CE_7_12999_60000000266,titular,fim_regular,859,2011-02-03,2014-12-23,FALSE,TRUE,TRUE,TRUE,48
28,GOMES FARIAS,60000000310,,suplente,suplente_efetivado,52,2011-06-15,2011-09-29,TRUE,FALSE,TRUE,TRUE,0
28,GONY ARRUDA,60000000124,M2010_CE_7_45455_60000000124,titular,fim_regular,247,2013-09-10,2014-12-19,FALSE,TRUE,TRUE,TRUE,52
28,HEITOR FERRER,60000000246,M2010_CE_7_12350_60000000246,titular,fim_regular,846,2011-02-03,2014-12-19,FALSE,TRUE,TRUE,TRUE,50
28,HERMINIO RESENDE,60000000582,M2010_CE_7_17000_60000000582,titular,fim_regular,502,2011-02-03,2014-12-16,FALSE,TRUE,TRUE,TRUE,5
28,IDEMAR CITO,60000000215,M2010_CE_7_25300_60000000215,titular,fim_regular,508,2011-02-03,2014-12-23,FALSE,TRUE,TRUE,TRUE,34
28,INES ARRUDA,60000000455,,suplente,suplente_efetivado,764,2011-02-03,2014-12-19,FALSE,TRUE,TRUE,TRUE,32
28,IVO GOMES,60000000456,M2010_CE_7_40111_60000000456,titular,fim_regular,88,2012-06-13,2014-12-23,FALSE,TRUE,TRUE,TRUE,20
28,JOAO JAIME,60000000130,M2010_CE_7_45000_60000000130,titular,fim_regular,413,2011-02-03,2014-12-23,FALSE,TRUE,TRUE,TRUE,28
28,JULIO CESAR,60000000234,M2010_CE_7_19789_60000000234,titular,outro,3,2011-02-03,2011-02-08,TRUE,FALSE,TRUE,TRUE,0
28,LUCILVIO GIRAO,60000000470,M2010_CE_7_15662_60000000470,titular,fim_regular,821,2011-02-03,2014-12-23,FALSE,TRUE,TRUE,TRUE,45
28,LULA MORAIS,60000000108,M2010_CE_7_65654_60000000108,titular,fim_regular,797,2011-02-03,2014-12-23,FALSE,TRUE,TRUE,TRUE,54
28,MAILSON CRUZ,60000000466,,suplente,suplente_efetivado,320,2011-06-02,2013-09-06,TRUE,FALSE,TRUE,TRUE,0
28,MARIO HELIO,60000000147,M2010_CE_7_33133_60000000147,titular,fim_regular,597,2011-02-03,2014-12-23,FALSE,TRUE,TRUE,TRUE,40
28,MAURO FILHO,60000000436,M2010_CE_7_40123_60000000436,titular,fim_regular,242,2013-09-10,2014-12-23,FALSE,TRUE,TRUE,TRUE,46
28,MIRIAN SOBREIRA,60000000482,M2010_CE_7_40333_60000000482,titular,fim_regular,689,2011-02-03,2014-12-23,FALSE,TRUE,TRUE,TRUE,42
28,MOESIO LOIOLA,60000000132,M2010_CE_7_45150_60000000132,titular,renuncia,226,2011-02-03,2012-12-21,TRUE,FALSE,TRUE,TRUE,0
28,NELSON MARTINS,60000000467,M2010_CE_7_13654_60000000467,titular,fim_regular,54,2012-06-12,2014-10-28,FALSE,TRUE,TRUE,TRUE,11
28,NENEN COELHO,60000000129,,suplente,suplente_efetivado,373,2011-04-07,2014-02-27,TRUE,FALSE,TRUE,TRUE,0
28,NETO NUNES,60000000452,M2010_CE_7_15555_60000000452,titular,fim_regular,459,2011-02-03,2014-12-23,FALSE,TRUE,TRUE,TRUE,38
28,OSMAR BAQUIT,60000000127,M2010_CE_7_45111_60000000127,titular,fim_regular,393,2011-02-03,2014-12-23,FALSE,TRUE,TRUE,TRUE,22
28,PATRICIA,60000000262,M2010_CE_7_12012_60000000262,titular,outro,386,2011-02-03,2014-02-27,TRUE,FALSE,TRUE,TRUE,0
28,PAULO DUARTE,60000000226,,suplente,suplente_efetivado,100,2011-09-01,2012-12-21,TRUE,FALSE,TRUE,TRUE,0
28,PAULO FACO,60000000236,M2010_CE_7_70123_60000000236,titular,fim_regular,669,2011-02-03,2014-12-23,FALSE,TRUE,TRUE,TRUE,44
28,PERBOYRE DIOGENES,60000000608,,suplente,suplente_efetivado,326,2011-04-05,2013-08-23,TRUE,FALSE,TRUE,TRUE,0
28,PROFESSOR PINHEIRO,60000000450,M2010_CE_7_13125_60000000450,titular,fim_regular,401,2011-02-03,2014-12-23,FALSE,TRUE,TRUE,TRUE,55
28,PROFESSOR TEODORO,60000000131,,suplente,suplente_efetivado,880,2011-02-03,2014-12-23,FALSE,TRUE,TRUE,TRUE,42
28,RACHEL MARQUES,60000000485,M2010_CE_7_13456_60000000485,titular,fim_regular,652,2011-02-03,2014-12-23,FALSE,TRUE,TRUE,TRUE,44
28,ROBERTO CLAUDIO,60000000486,M2010_CE_7_40777_60000000486,titular,outro,323,2011-02-03,2012-12-21,TRUE,FALSE,TRUE,TRUE,0
28,ROBERTO MESQUITA,60000000361,M2010_CE_7_43789_60000000361,titular,fim_regular,741,2011-02-03,2014-12-23,FALSE,TRUE,TRUE,TRUE,44
28,ROGERIO AGUIAR,60000000128,M2010_CE_7_45144_60000000128,titular,fim_regular,376,2011-02-09,2014-12-19,FALSE,TRUE,TRUE,TRUE,24
28,RONALDO MARTINS,60000000487,M2010_CE_7_10000_60000000487,titular,fim_regular,853,2011-02-03,2014-12-23,FALSE,TRUE,TRUE,TRUE,39
28,ROQUE,60000000432,M2010_CE_7_40222_60000000432,titular,outro,2,2011-09-13,2011-09-14,TRUE,FALSE,TRUE,TRUE,0
28,SERGIO AGUIAR,60000000488,M2010_CE_7_40888_60000000488,titular,fim_regular,790,2011-02-03,2014-12-23,FALSE,TRUE,TRUE,TRUE,51
28,STANLEY LEAO,60000000635,,suplente,suplente_efetivado,118,2011-02-03,2011-08-11,TRUE,FALSE,TRUE,TRUE,0
28,TEO MENEZES,60000000134,M2010_CE_7_45333_60000000134,titular,fim_regular,472,2011-02-03,2014-12-23,FALSE,TRUE,TRUE,TRUE,24
28,THIAGO CAMPELO,60000000135,,suplente,suplente_efetivado,102,2014-03-18,2014-07-15,TRUE,FALSE,TRUE,TRUE,0
28,TIN GOMES,60000000525,M2010_CE_7_31234_60000000525,titular,fim_regular,761,2011-02-03,2014-12-23,FALSE,TRUE,TRUE,TRUE,42
28,TINO,60000000295,,suplente,suplente_efetivado,49,2013-10-03,2013-12-18,TRUE,FALSE,TRUE,TRUE,0
28,TOMAZ HOLANDA,60000000150,,suplente,suplente_efetivado,248,2011-10-04,2014-06-27,TRUE,FALSE,TRUE,TRUE,0
28,VANDERLEY PEDROSA,60000000580,M2010_CE_7_14000_60000000580,titular,fim_regular,738,2011-02-03,2014-12-23,FALSE,TRUE,TRUE,TRUE,56
28,VASQUES LANDIM,60000000040,,suplente,suplente_efetivado,46,2013-05-07,2013-08-28,TRUE,FALSE,TRUE,TRUE,0
28,WELINGTON LANDIM,60000000465,M2010_CE_7_40114_60000000465,titular,fim_regular,559,2011-02-03,2014-12-23,FALSE,TRUE,TRUE,TRUE,25
28,ZEZINHO ALBUQUERQUE,60000000461,M2010_CE_7_40444_60000000461,titular,fim_regular,564,2011-02-03,2014-12-23,FALSE,TRUE,TRUE,TRUE,27
29,ADERLANIA NORONHA,60000000690,M2014_CE_7_77777_60000000690,titular,fim_regular,650,2015-02-01,2018-12-18,FALSE,TRUE,TRUE,TRUE,63
29,AGENOR NETO,60000000484,M2014_CE_7_15888_60000000484,titular,fim_regular,607,2015-02-01,2018-12-18,FALSE,TRUE,TRUE,TRUE,54
29,AGENOR RIBEIRO,60000000882,,suplente,suplente_efetivado,78,2017-10-05,2017-12-14,TRUE,FALSE,TRUE,TRUE,0
29,ANDERSON PALACIO,60000000273,,suplente,suplente_efetivado,57,2018-05-03,2018-08-28,FALSE,FALSE,TRUE,TRUE,0
29,ANTONIO GRANJA,60000000738,M2014_CE_7_90000_60000000738,titular,fim_regular,662,2015-02-01,2018-12-17,FALSE,TRUE,TRUE,TRUE,71
29,AUDIC MOTA,60000001058,M2014_CE_7_15610_60000001058,titular,fim_regular,801,2015-02-01,2018-12-18,FALSE,TRUE,TRUE,TRUE,70
29,AUGUSTA BRITO,60000000140,M2014_CE_7_65700_60000000140,titular,fim_regular,772,2015-02-01,2018-12-18,FALSE,TRUE,TRUE,TRUE,79
29,BETHROSE,60000000547,M2014_CE_7_44789_60000000547,titular,fim_regular,693,2015-02-01,2018-12-18,FALSE,TRUE,TRUE,TRUE,53
29,BRUNO PEDROSA,60000000011,M2014_CE_7_20222_60000000011,titular,fim_regular,832,2015-02-01,2018-12-18,FALSE,TRUE,TRUE,TRUE,62
29,CAPITAO WAGNER,60000000545,M2014_CE_7_22190_60000000545,titular,fim_regular,881,2015-02-01,2018-12-18,FALSE,TRUE,TRUE,TRUE,70
29,CARLOMANO MARQUES,60000000487,M2014_CE_7_15150_60000000487,titular,outro,86,2015-02-01,2016-10-06,TRUE,FALSE,TRUE,TRUE,0
29,CARLOS FELIPE,60000000144,M2014_CE_7_65100_60000000144,titular,fim_regular,760,2015-02-01,2018-12-18,FALSE,TRUE,TRUE,TRUE,88
29,CARLOS MATOS,60000000554,M2014_CE_7_45655_60000000554,titular,fim_regular,778,2015-02-01,2018-12-18,FALSE,TRUE,TRUE,TRUE,74
29,DANNIEL OLIVEIRA,60000000490,M2014_CE_7_15333_60000000490,titular,fim_regular,750,2015-02-01,2018-12-18,FALSE,TRUE,TRUE,TRUE,65
29,DAVID DURAND,60000000709,M2014_CE_7_10000_60000000709,titular,fim_regular,979,2015-02-01,2018-12-18,FALSE,TRUE,TRUE,TRUE,88
29,DEDE TEIXEIRA,60000000725,,suplente,suplente_efetivado,151,2018-04-10,2018-12-18,FALSE,TRUE,TRUE,TRUE,72
29,DEPUTADO ROQUE,60000000695,,suplente,suplente_efetivado,0,,,FALSE,FALSE,FALSE,FALSE,0
29,DR BRUNO GONCALVES,60000000845,M2014_CE_7_51515_60000000845,titular,fim_regular,683,2015-02-01,2018-12-18,FALSE,TRUE,TRUE,TRUE,44
29,DR HUGO,60000000687,,suplente,suplente_efetivado,667,2015-02-04,2018-12-18,FALSE,TRUE,TRUE,TRUE,69
29,DR LEONARDO PINHEIRO,60000000757,,suplente,suplente_efetivado,753,2015-02-03,2018-12-18,FALSE,TRUE,TRUE,TRUE,63
29,DR LEONIDAS,60000000840,,suplente,suplente_efetivado,54,2018-06-01,2018-09-19,FALSE,FALSE,TRUE,TRUE,0
29,DR LUCILVIO GIRAO,60000000689,M2014_CE_7_77123_60000000689,titular,fim_regular,779,2015-02-01,2018-12-17,FALSE,TRUE,TRUE,TRUE,65
29,DR SANTANA,60000000729,,suplente,suplente_efetivado,567,2015-06-16,2018-09-12,FALSE,FALSE,TRUE,TRUE,0
29,DR SARTO,60000000748,M2014_CE_7_90789_60000000748,titular,fim_regular,737,2015-02-01,2018-12-18,FALSE,TRUE,TRUE,TRUE,61
29,DRA SILVANA,60000000503,M2014_CE_7_15777_60000000503,titular,fim_regular,973,2015-02-01,2018-12-18,FALSE,TRUE,TRUE,TRUE,80
29,DUQUINHA,60000000694,M2014_CE_7_90124_60000000694,titular,fim_regular,956,2015-02-01,2018-12-18,FALSE,TRUE,TRUE,TRUE,82
29,ELMANO,60000000723,M2014_CE_7_13123_60000000723,titular,fim_regular,808,2015-02-01,2018-12-18,FALSE,TRUE,TRUE,TRUE,69
29,ELY AGUIAR,60000000287,M2014_CE_7_27022_60000000287,titular,fim_regular,894,2015-02-01,2018-12-18,FALSE,TRUE,TRUE,TRUE,66
29,EVANDRO LEITAO,60000000359,M2014_CE_7_12000_60000000359,titular,fim_regular,988,2015-02-01,2018-12-18,FALSE,TRUE,TRUE,TRUE,87
29,FERNANDA PESSOA,60000000530,M2014_CE_7_22000_60000000530,titular,fim_regular,925,2015-02-01,2018-12-18,FALSE,TRUE,TRUE,TRUE,75
29,FERREIRA ARAGAO,60000000345,M2014_CE_7_12999_60000000345,titular,fim_regular,885,2015-02-01,2018-12-17,FALSE,TRUE,TRUE,TRUE,53
29,GEORGE VALENTIM,60000000166,,suplente,suplente_efetivado,194,2016-01-01,2018-07-05,TRUE,FALSE,TRUE,TRUE,0
29,GONY ARRUDA,60000000753,M2014_CE_7_55455_60000000753,titular,fim_regular,740,2015-02-01,2018-12-18,FALSE,TRUE,TRUE,TRUE,78
29,HEITOR FERRER,60000000360,M2014_CE_7_12350_60000000360,titular,fim_regular,906,2015-02-01,2018-12-18,FALSE,TRUE,TRUE,TRUE,81
29,IVO GOMES,60000000744,M2014_CE_7_90111_60000000744,titular,outro,138,2015-02-01,2016-12-22,TRUE,FALSE,TRUE,TRUE,0
29,JEOVA MOTA,60000000740,M2014_CE_7_90444_60000000740,titular,fim_regular,451,2015-02-01,2018-12-18,FALSE,TRUE,TRUE,TRUE,77
29,JOAO JAIME,60000000515,M2014_CE_7_25000_60000000515,titular,fim_regular,570,2015-02-01,2018-12-18,FALSE,TRUE,TRUE,TRUE,53
29,JOAQUIM NORONHA,60000000464,M2014_CE_7_11333_60000000464,titular,fim_regular,711,2015-02-01,2018-12-18,FALSE,TRUE,TRUE,TRUE,61
29,JULIO CESAR,60000000318,M2014_CE_7_19789_60000000318,titular,outro,4,2016-11-01,2016-11-03,TRUE,FALSE,TRUE,TRUE,0
29,LAIS NUNES,60000000697,M2014_CE_7_90555_60000000697,titular,outro,222,2015-02-01,2016-12-28,TRUE,FALSE,TRUE,TRUE,0
29,LEONARDO ARAUJO,60000000501,,suplente,suplente_efetivado,453,2015-10-01,2018-12-17,FALSE,TRUE,TRUE,TRUE,51
29,MARIO HELIO,60000000453,,suplente,suplente_efetivado,250,2017-02-02,2018-12-18,FALSE,TRUE,TRUE,TRUE,71
29,MIRIAN SOBREIRA,60000000696,M2014_CE_7_90333_60000000696,titular,fim_regular,365,2015-02-01,2018-12-18,FALSE,TRUE,TRUE,TRUE,53
29,MOISES BRAZ,60000000731,M2014_CE_7_13333_60000000731,titular,fim_regular,773,2015-02-01,2018-12-18,FALSE,TRUE,TRUE,TRUE,78
29,NAUMI AMORIM,60000000705,M2014_CE_7_17000_60000000705,titular,outro,380,2015-02-01,2016-12-28,TRUE,FALSE,TRUE,TRUE,0
29,NESTOR BEZERRA,60000000433,,suplente,suplente_efetivado,77,2018-02-22,2018-06-19,TRUE,FALSE,TRUE,TRUE,0
29,NIZO COSTA,60000000281,,suplente,suplente_efetivado,162,2015-08-07,2017-12-14,TRUE,FALSE,TRUE,TRUE,0
29,ODILON AGUIAR,60000000742,M2014_CE_7_90123_60000000742,titular,fim_regular,722,2015-02-01,2018-12-18,FALSE,TRUE,TRUE,TRUE,59
29,OSMAR BAQUIT,60000000754,M2014_CE_7_55555_60000000754,titular,fim_regular,213,2015-02-01,2018-12-06,FALSE,TRUE,TRUE,TRUE,21
29,PROFESSOR TEODORO,60000000752,,suplente,falecimento,281,2015-02-03,2016-07-20,TRUE,FALSE,TRUE,TRUE,0
29,RACHEL MARQUES,60000000732,,suplente,suplente_efetivado,842,2015-03-17,2018-12-18,FALSE,TRUE,TRUE,TRUE,83
29,RENATO ROSENO,60000000406,M2014_CE_7_50500_60000000406,titular,fim_regular,886,2015-02-01,2018-12-18,FALSE,TRUE,TRUE,TRUE,90
29,ROBERIO MONTEIRO,60000000750,M2014_CE_7_90456_60000000750,titular,fim_regular,762,2015-02-01,2018-12-18,FALSE,TRUE,TRUE,TRUE,68
29,ROBERTO MESQUITA,60000000681,M2014_CE_7_43789_60000000681,titular,fim_regular,773,2015-02-01,2018-12-18,FALSE,TRUE,TRUE,TRUE,52
29,SERGIO AGUIAR,60000000693,M2014_CE_7_90888_60000000693,titular,fim_regular,869,2015-02-01,2018-12-18,FALSE,TRUE,TRUE,TRUE,77
29,TIN GOMES,60000000682,M2014_CE_7_31234_60000000682,titular,fim_regular,834,2015-02-01,2018-12-18,FALSE,TRUE,TRUE,TRUE,74
29,TOMAZ HOLANDA,60000000279,M2014_CE_7_23123_60000000279,titular,fim_regular,630,2015-02-01,2018-12-18,FALSE,TRUE,TRUE,TRUE,73
29,WALTER CAVALCANTE,60000000505,M2014_CE_7_15640_60000000505,titular,fim_regular,822,2015-02-01,2018-12-18,FALSE,TRUE,TRUE,TRUE,63
29,WELINGTON LANDIM,60000000749,M2014_CE_7_90114_60000000749,titular,falecimento,66,2015-02-01,2015-05-28,TRUE,FALSE,TRUE,TRUE,0
29,YURI GUERRA,60000000452,,suplente,suplente_efetivado,183,2017-09-01,2018-08-01,FALSE,FALSE,TRUE,TRUE,0
29,ZE AILTON BRASIL,60000000465,M2014_CE_7_11234_60000000465,titular,nao_observado,0,,,FALSE,FALSE,FALSE,FALSE,0
29,ZEZINHO ALBUQUERQUE,60000000747,M2014_CE_7_90999_60000000747,titular,fim_regular,502,2015-02-01,2018-12-18,FALSE,TRUE,TRUE,TRUE,57
30,ACRISIO SENA,60000612035,M2018_CE_7_13132_60000612035,titular,fim_regular,767,2019-02-06,2022-12-14,FALSE,TRUE,TRUE,TRUE,69
30,ADERLANIA NORONHA,60000605035,M2018_CE_7_77777_60000605035,titular,fim_regular,579,2019-02-06,2022-12-14,FALSE,TRUE,TRUE,TRUE,14
30,AGENOR NETO,60000605079,M2018_CE_7_15888_60000605079,titular,fim_regular,658,2019-02-06,2022-12-14,FALSE,TRUE,TRUE,TRUE,62
30,ANDRE FERNANDES,60000611827,M2018_CE_7_17777_60000611827,titular,fim_regular,441,2019-02-06,2022-12-14,FALSE,TRUE,TRUE,TRUE,22
30,ANTONIO GRANJA,60000612542,M2018_CE_7_12312_60000612542,titular,fim_regular,775,2019-02-06,2022-12-14,FALSE,TRUE,TRUE,TRUE,62
30,APOSTOLO LUIZ HENRIQUE,60000611127,M2018_CE_7_51010_60000611127,titular,fim_regular,558,2019-02-06,2022-12-13,FALSE,TRUE,TRUE,TRUE,43
30,AUDIC MOTA,60000612063,M2018_CE_7_40000_60000612063,titular,fim_regular,660,2019-02-06,2022-12-14,FALSE,TRUE,TRUE,TRUE,53
30,AUGUSTA BRITO,60000604728,M2018_CE_7_65700_60000604728,titular,fim_regular,842,2019-02-06,2022-12-14,FALSE,TRUE,TRUE,TRUE,67
30,BRUNO GONCALVES,60000611104,M2018_CE_7_51515_60000611104,titular,outro,208,2019-02-06,2020-11-19,TRUE,FALSE,TRUE,TRUE,0
30,BRUNO PEDROSA,60000612544,M2018_CE_7_11000_60000612544,titular,fim_regular,551,2019-02-12,2022-12-14,FALSE,TRUE,TRUE,TRUE,46
30,CARLOS MATOS,60000611580,,suplente,suplente_efetivado,48,2022-06-01,2022-09-13,FALSE,FALSE,TRUE,TRUE,0
30,DANNIEL OLIVEIRA,60000605081,M2018_CE_7_15333_60000605081,titular,fim_regular,472,2019-02-06,2022-12-13,FALSE,TRUE,TRUE,TRUE,21
30,DAVI DE RAIMUNDAO,60000630050,,suplente,suplente_efetivado,434,2019-02-18,2022-12-13,FALSE,TRUE,TRUE,TRUE,64
30,DAVID DURAND,60000605016,M2018_CE_7_10000_60000605016,titular,fim_regular,837,2019-02-06,2022-12-14,FALSE,TRUE,TRUE,TRUE,66
30,DELEGADO CAVALCANTE,60000611803,M2018_CE_7_17000_60000611803,titular,fim_regular,657,2019-02-06,2022-12-14,FALSE,TRUE,TRUE,TRUE,36
30,DIEGO BARRETO,60000604758,,suplente,suplente_efetivado,76,2019-05-06,2021-09-02,TRUE,FALSE,TRUE,TRUE,0
30,DR CARLOS FELIPE,60000604731,M2018_CE_7_65100_60000604731,titular,fim_regular,671,2019-02-06,2022-12-14,FALSE,TRUE,TRUE,TRUE,48
30,DRA SILVANA,60000612538,M2018_CE_7_22777_60000612538,titular,fim_regular,703,2019-02-06,2022-12-07,FALSE,TRUE,TRUE,TRUE,46
30,EDILARDO EUFRASIO,60000605082,,suplente,suplente_efetivado,182,2019-08-21,2021-12-23,TRUE,FALSE,TRUE,TRUE,0
30,ELMANO DE FREITAS,60000612023,M2018_CE_7_13123_60000612023,titular,outro,740,2019-02-06,2022-07-15,TRUE,FALSE,TRUE,TRUE,0
30,ERIKA AMORIM,60000605069,M2018_CE_7_55000_60000605069,titular,fim_regular,777,2019-02-18,2022-12-14,FALSE,TRUE,TRUE,TRUE,57
30,EVANDRO LEITAO,60000612543,M2018_CE_7_12000_60000612543,titular,fim_regular,719,2019-02-06,2022-12-13,FALSE,TRUE,TRUE,TRUE,29
30,FABIO GALVAO,60000611119,,suplente,suplente_efetivado,72,2021-10-06,2022-02-04,TRUE,FALSE,TRUE,TRUE,0
30,FERNANDA PESSOA,60000611571,M2018_CE_7_45800_60000611571,titular,fim_regular,717,2019-02-06,2022-12-13,FALSE,TRUE,TRUE,TRUE,48
30,FERNANDO HUGO,60000612546,M2018_CE_7_11111_60000612546,titular,fim_regular,407,2019-02-06,2022-12-13,FALSE,TRUE,TRUE,TRUE,37
30,FERNANDO SANTANA,60000612025,M2018_CE_7_13222_60000612025,titular,fim_regular,737,2019-02-06,2022-12-14,FALSE,TRUE,TRUE,TRUE,51
30,FERREIRA ARAGAO,60000612555,,suplente,suplente_efetivado,74,2019-05-06,2021-07-15,TRUE,FALSE,TRUE,TRUE,0
30,GELSON FERRAZ,60000605018,,suplente,suplente_efetivado,67,2019-05-20,2021-09-02,TRUE,FALSE,TRUE,TRUE,0
30,GEORGE LIMA,60000612055,,suplente,suplente_efetivado,145,2019-05-06,2022-12-14,FALSE,TRUE,TRUE,TRUE,69
30,GORDIM ARAUJO,60000611141,,suplente,suplente_efetivado,132,2019-06-10,2022-12-01,FALSE,TRUE,TRUE,TRUE,8
30,GUILHERME LANDIM,60000612576,M2018_CE_7_12114_60000612576,titular,fim_regular,861,2019-02-06,2022-12-14,FALSE,TRUE,TRUE,TRUE,57
30,GUILHERME SAMPAIO,60000612031,,suplente,suplente_efetivado,0,,,FALSE,FALSE,FALSE,FALSE,0
30,HEITOR FERRER,60000605034,M2018_CE_7_77000_60000605034,titular,fim_regular,801,2019-02-06,2022-12-14,FALSE,TRUE,TRUE,TRUE,63
30,JEOVA MOTA,60000612553,M2018_CE_7_12444_60000612553,titular,fim_regular,772,2019-02-06,2022-12-14,FALSE,TRUE,TRUE,TRUE,43
30,JOAO JAIME,60000612565,M2018_CE_7_25000_60000612565,titular,fim_regular,589,2019-02-06,2022-12-14,FALSE,TRUE,TRUE,TRUE,54
30,JOSE SARTO,60000612552,M2018_CE_7_12789_60000612552,titular,outro,338,2019-02-06,2020-12-10,TRUE,FALSE,TRUE,TRUE,0
30,JULIO CESAR FILHO,60000611895,M2018_CE_7_23234_60000611895,titular,fim_regular,827,2019-02-06,2022-12-14,FALSE,TRUE,TRUE,TRUE,67
30,LEONARDO ARAUJO,60000605088,M2018_CE_7_15151_60000605088,titular,fim_regular,483,2019-02-07,2022-12-14,FALSE,TRUE,TRUE,TRUE,20
30,LEONARDO PINHEIRO,60000612548,M2018_CE_7_11444_60000612548,titular,fim_regular,558,2019-02-06,2022-12-14,FALSE,TRUE,TRUE,TRUE,58
30,LUCILVIO GIRAO,60000612549,,suplente,suplente_efetivado,805,2019-02-06,2022-12-14,FALSE,TRUE,TRUE,TRUE,52
30,MANOEL DUCA,60000612569,,suplente,suplente_efetivado,622,2019-02-18,2022-12-14,FALSE,TRUE,TRUE,TRUE,67
30,MARCOS SOBREIRA,60000612561,M2018_CE_7_12333_60000612561,titular,fim_regular,747,2019-02-06,2022-12-14,FALSE,TRUE,TRUE,TRUE,69
30,MOISES BRAZ,60000612043,M2018_CE_7_13333_60000612043,titular,nao_observado,623,2019-02-06,2022-09-13,FALSE,FALSE,TRUE,TRUE,0
30,NELINHO,60000611588,M2018_CE_7_45222_60000611588,titular,fim_regular,532,2019-02-06,2022-12-14,FALSE,TRUE,TRUE,TRUE,41
30,NEZINHO FARIAS,60000612570,M2018_CE_7_12580_60000612570,titular,outro,395,2019-02-06,2020-12-17,TRUE,FALSE,TRUE,TRUE,0
30,NIZO COSTA,60000611115,M2018_CE_7_51777_60000611115,titular,fim_regular,701,2019-02-06,2022-12-14,FALSE,TRUE,TRUE,TRUE,69
30,ORIEL FILHO,60000612575,,suplente,suplente_efetivado,431,2019-02-18,2022-08-31,FALSE,FALSE,TRUE,TRUE,0
30,OSMAR BAQUIT,60000612559,M2018_CE_7_12222_60000612559,titular,fim_regular,670,2019-02-06,2022-12-14,FALSE,TRUE,TRUE,TRUE,66
30,PATRICIA AGUIAR,60000605067,M2018_CE_7_55333_60000605067,titular,renuncia,272,2019-02-06,2020-12-17,TRUE,FALSE,TRUE,TRUE,0
30,PEDRO LOBO,60000612045,,suplente,suplente_efetivado,49,2022-08-03,2022-11-10,FALSE,TRUE,TRUE,TRUE,31
30,QUEIROZ FILHO,60000612556,M2018_CE_7_12300_60000612556,titular,fim_regular,820,2019-02-06,2022-12-14,FALSE,TRUE,TRUE,TRUE,59
30,RAFAEL BRANCO,60000605090,,suplente,suplente_efetivado,103,2019-05-20,2022-02-04,TRUE,FALSE,TRUE,TRUE,0
30,RENATO ROSENO,60000620568,M2018_CE_7_50500_60000620568,titular,fim_regular,893,2019-02-06,2022-12-14,FALSE,TRUE,TRUE,TRUE,69
30,ROMEU ALDIGUERI,60000612560,M2018_CE_7_12456_60000612560,titular,fim_regular,781,2019-02-06,2022-12-14,FALSE,TRUE,TRUE,TRUE,61
30,SALMITO,60000612541,M2018_CE_7_12500_60000612541,titular,fim_regular,814,2019-02-06,2022-12-14,FALSE,TRUE,TRUE,TRUE,61
30,SERGIO AGUIAR,60000612527,M2018_CE_7_12888_60000612527,titular,fim_regular,803,2019-02-06,2022-12-14,FALSE,TRUE,TRUE,TRUE,54
30,SILVIO NASCIMENTO,60000611149,,suplente,suplente_efetivado,77,2022-04-28,2022-08-24,FALSE,FALSE,TRUE,TRUE,0
30,SOLDADO NOELIO,60000601276,M2018_CE_7_90090_60000601276,titular,fim_regular,701,2019-02-06,2022-12-14,FALSE,TRUE,TRUE,TRUE,53
30,TADEU OLIVEIRA,60000611899,,suplente,suplente_efetivado,43,2020-07-16,2020-10-29,TRUE,FALSE,TRUE,TRUE,0
30,TIN GOMES,60000612558,M2018_CE_7_12600_60000612558,titular,fim_regular,686,2019-02-06,2022-12-14,FALSE,TRUE,TRUE,TRUE,51
30,TONY BRITO,60000601266,,suplente,suplente_efetivado,550,2019-02-18,2022-12-14,FALSE,TRUE,TRUE,TRUE,51
30,VITOR VALIM,60000601279,M2018_CE_7_90190_60000601279,titular,outro,304,2019-02-06,2020-12-17,TRUE,FALSE,TRUE,TRUE,0
30,WALTER CAVALCANTE,60000605093,M2018_CE_7_15640_60000605093,titular,fim_regular,806,2019-02-07,2022-12-14,FALSE,TRUE,TRUE,TRUE,68
30,ZEZINHO ALBUQUERQUE,60000612557,M2018_CE_7_12111_60000612557,titular,fim_regular,15,2022-02-09,2022-12-06,FALSE,TRUE,TRUE,TRUE,5
31,ACRISIO SENA,60001633668,,suplente,suplente_efetivado,241,2025-03-13,2025-12-02,TRUE,FALSE,TRUE,FALSE,0
31,AGENOR NETO,60001635809,M2022_CE_7_15888_60001635809,titular,nao_observado,839,2023-02-07,2026-08-11,FALSE,FALSE,TRUE,FALSE,0
31,ALCIDES FERNANDES,60001633829,M2022_CE_7_22222_60001633829,titular,nao_observado,702,2023-02-02,2026-07-15,FALSE,FALSE,TRUE,FALSE,0
31,ALMIR BIE,60001619181,,suplente,suplente_efetivado,861,2023-02-02,2026-08-11,FALSE,FALSE,TRUE,FALSE,0
31,ALYSSON AGUIAR,60001633672,M2022_CE_7_65700_60001633672,titular,nao_observado,659,2023-02-07,2026-08-11,FALSE,FALSE,TRUE,FALSE,0
31,ANTONIO GRANJA,60001603541,,suplente,suplente_efetivado,800,2023-03-02,2026-08-06,FALSE,FALSE,TRUE,FALSE,0
31,ANTONIO HENRIQUE,60001603547,M2022_CE_7_12111_60001603547,titular,nao_observado,877,2023-02-02,2026-08-11,FALSE,FALSE,TRUE,FALSE,0
31,AP LUIZ HENRIQUE,60001608819,M2022_CE_7_10000_60001608819,titular,nao_observado,547,2023-02-02,2026-08-11,FALSE,FALSE,TRUE,FALSE,0
31,APOLLO VICZ,60001613525,,suplente,suplente_efetivado,55,2024-10-29,2024-12-19,TRUE,FALSE,TRUE,FALSE,0
31,AUDIC MOTA,60001635804,,suplente,suplente_efetivado,63,2023-10-19,2024-02-28,TRUE,FALSE,TRUE,FALSE,0
31,BRUNO PEDROSA,60001603532,,suplente,suplente_efetivado,750,2023-02-02,2026-08-06,FALSE,FALSE,TRUE,FALSE,0
31,CARMELO BOLSONARO,60001633791,M2022_CE_7_22022_60001633791,titular,nao_observado,652,2023-02-02,2026-08-11,FALSE,FALSE,TRUE,FALSE,0
31,CLAUDIO PINHO,60001603529,M2022_CE_7_12123_60001603529,titular,nao_observado,916,2023-02-02,2026-08-11,FALSE,FALSE,TRUE,FALSE,0
31,DANNIEL OLIVEIRA,60001635805,M2022_CE_7_15333_60001635805,titular,nao_observado,714,2023-02-02,2026-08-11,FALSE,FALSE,TRUE,FALSE,0
31,DAVI DE RAIMUNDAO,60001635812,M2022_CE_7_15222_60001635812,titular,nao_observado,739,2023-02-07,2026-08-11,FALSE,FALSE,TRUE,FALSE,0
31,DAVID DURAND,60001608816,M2022_CE_7_10123_60001608816,titular,nao_observado,645,2023-02-02,2026-08-11,FALSE,FALSE,TRUE,FALSE,0
31,DAVID PROARMAS,60001633823,,suplente,suplente_efetivado,120,2025-08-05,2025-11-27,TRUE,FALSE,TRUE,FALSE,0
31,DE ASSIS DINIZ,60001633671,M2022_CE_7_13456_60001633671,titular,nao_observado,928,2023-02-02,2026-08-11,FALSE,FALSE,TRUE,FALSE,0
31,DR ALOISIO,60001608941,,suplente,suplente_efetivado,82,2024-03-06,2024-06-19,TRUE,FALSE,TRUE,FALSE,0
31,DR OSCAR RODRIGUES,60001608929,M2022_CE_7_44888_60001608929,titular,outro,258,2023-02-02,2024-12-19,TRUE,FALSE,TRUE,FALSE,0
31,DRA SILVANA,60001633828,M2022_CE_7_22777_60001633828,titular,nao_observado,682,2023-02-02,2026-08-04,FALSE,FALSE,TRUE,FALSE,0
31,DUQUINHA,60001608820,,suplente,suplente_efetivado,217,2023-09-05,2025-12-04,TRUE,FALSE,TRUE,FALSE,0
31,EMILIA PESSOA,60001723722,M2022_CE_7_45123_60001723722,titular,nao_observado,658,2023-02-02,2026-08-11,FALSE,FALSE,TRUE,FALSE,0
31,EVALDO COSTA,60001608828,,suplente,suplente_efetivado,58,2024-07-09,2024-11-05,TRUE,FALSE,TRUE,FALSE,0
31,EVANDRO LEITAO,60001603535,M2022_CE_7_12000_60001603535,titular,outro,282,2023-02-02,2024-12-19,TRUE,FALSE,TRUE,FALSE,0
31,FELIPE MOTA,60001608946,M2022_CE_7_44111_60001608946,titular,nao_observado,935,2023-02-02,2026-08-11,FALSE,FALSE,TRUE,FALSE,0
31,FERNANDO HUGO,60001613523,M2022_CE_7_55678_60001613523,titular,nao_observado,520,2023-02-02,2026-08-11,FALSE,FALSE,TRUE,FALSE,0
31,FERNANDO SANTANA,60001633655,M2022_CE_7_13222_60001633655,titular,nao_observado,321,2023-02-02,2026-08-11,FALSE,FALSE,TRUE,FALSE,0
31,FIRMO CAMURCA,60001608940,M2022_CE_7_44777_60001608940,titular,nao_observado,778,2023-02-02,2026-08-11,FALSE,FALSE,TRUE,FALSE,0
31,GABRIELLA AGUIAR,60001613538,M2022_CE_7_55555_60001613538,titular,outro,387,2023-02-02,2024-10-08,TRUE,FALSE,TRUE,FALSE,0
31,GORDIM ARAUJO,60001723713,,suplente,suplente_efetivado,40,2025-06-04,2025-09-18,TRUE,FALSE,TRUE,FALSE,0
31,GUILHERME BISMARCK,60001603538,,suplente,suplente_efetivado,831,2023-05-11,2026-08-11,FALSE,FALSE,TRUE,FALSE,0
31,GUILHERME LANDIM,60001603525,M2022_CE_7_12114_60001603525,titular,nao_observado,1668,2023-02-02,2026-08-11,FALSE,FALSE,TRUE,FALSE,0
31,HEITOR FERRER,60001608921,,suplente,suplente_efetivado,420,2025-02-04,2026-08-11,FALSE,FALSE,TRUE,FALSE,0
31,JEOVA MOTA,60001603522,M2022_CE_7_12444_60001603522,titular,nao_observado,668,2023-02-02,2026-08-11,FALSE,FALSE,TRUE,FALSE,0
31,JO FARIAS,60001633653,M2022_CE_7_13258_60001633653,titular,nao_observado,821,2023-02-02,2026-08-11,FALSE,FALSE,TRUE,FALSE,0
31,JOAO JAIME,60001619178,M2022_CE_7_11000_60001619178,titular,nao_observado,607,2023-02-02,2026-08-11,FALSE,FALSE,TRUE,FALSE,0
31,JULIANA LUCENA,60001633675,M2022_CE_7_13555_60001633675,titular,nao_observado,704,2023-02-07,2026-04-09,FALSE,FALSE,TRUE,FALSE,0
31,JULINHO,60001633659,M2022_CE_7_13789_60001633659,titular,nao_observado,666,2023-02-02,2026-08-11,FALSE,FALSE,TRUE,FALSE,0
31,KEIVIA DIAS,60001613534,,suplente,suplente_efetivado,89,2025-07-03,2025-10-29,TRUE,FALSE,TRUE,FALSE,0
31,LARISSA GASPAR,60001633656,M2022_CE_7_13133_60001633656,titular,nao_observado,819,2023-02-02,2026-08-11,FALSE,FALSE,TRUE,FALSE,0
31,LEO SURICATE,60001613103,,suplente,suplente_efetivado,87,2025-08-12,2025-11-05,TRUE,FALSE,TRUE,FALSE,0
31,LEONARDO PINHEIRO,60001619175,M2022_CE_7_11444_60001619175,titular,nao_observado,675,2023-02-02,2026-04-14,FALSE,FALSE,TRUE,FALSE,0
31,LIA GOMES,60001603543,M2022_CE_7_12345_60001603543,titular,nao_observado,558,2023-02-02,2026-08-11,FALSE,FALSE,TRUE,FALSE,0
31,LUANA RIBEIRO,60001723725,M2022_CE_7_23123_60001723725,titular,nao_observado,659,2023-02-02,2026-08-11,FALSE,FALSE,TRUE,FALSE,0
31,LUCILVIO GIRAO,60001613535,M2022_CE_7_55234_60001613535,titular,nao_observado,697,2023-02-02,2026-08-11,FALSE,FALSE,TRUE,FALSE,0
31,LUCINILDO FROTA,60001646075,M2022_CE_7_33789_60001646075,titular,nao_observado,862,2023-02-02,2026-08-11,FALSE,FALSE,TRUE,FALSE,0
31,MARCOS SOBREIRA,60001603545,M2022_CE_7_12333_60001603545,titular,nao_observado,820,2023-02-08,2026-08-11,FALSE,FALSE,TRUE,FALSE,0
31,MARTA GONCALVES,60001633816,M2022_CE_7_22555_60001633816,titular,nao_observado,847,2023-02-02,2026-08-11,FALSE,FALSE,TRUE,FALSE,0
31,MARTINHA A SAUDE RESISTE,60001723716,,suplente,suplente_efetivado,70,2024-08-03,2024-12-19,TRUE,FALSE,TRUE,FALSE,0
31,MISSIAS DIAS,60001633648,M2022_CE_7_13123_60001633648,titular,nao_observado,835,2023-02-02,2026-08-04,FALSE,FALSE,TRUE,FALSE,0
31,MOESIO LOIOLA,60001619183,,suplente,suplente_efetivado,144,2023-08-10,2024-03-27,TRUE,FALSE,TRUE,FALSE,0
31,MOISES BRAZ,60001633642,M2022_CE_7_13333_60001633642,titular,nao_observado,108,2026-04-07,2026-08-11,FALSE,FALSE,TRUE,FALSE,0
31,NIZO,60001633657,,suplente,suplente_efetivado,577,2023-02-02,2026-03-31,FALSE,FALSE,TRUE,FALSE,0
31,ORIEL FILHO,60001603523,M2022_CE_7_12555_60001603523,titular,outro,9,2023-02-02,2023-02-23,TRUE,FALSE,TRUE,FALSE,0
31,OSMAR BAQUIT,60001603520,M2022_CE_7_12222_60001603520,titular,nao_observado,389,2023-02-02,2026-08-11,FALSE,FALSE,TRUE,FALSE,0
31,PEDRO LOBO,60001633676,,suplente,suplente_efetivado,162,2024-08-03,2025-10-09,TRUE,FALSE,TRUE,FALSE,0
31,PEDRO MATOS,60001633805,,suplente,suplente_efetivado,162,2025-06-26,2026-02-19,TRUE,FALSE,TRUE,FALSE,0
31,QUEIROZ FILHO,60001603536,M2022_CE_7_12300_60001603536,titular,nao_observado,891,2023-02-02,2026-08-11,FALSE,FALSE,TRUE,FALSE,0
31,RENATO ROSENO,60001613104,M2022_CE_7_50500_60001613104,titular,nao_observado,784,2023-02-02,2026-08-11,FALSE,FALSE,TRUE,FALSE,0
31,ROMEU ALDIGUERI,60001603528,M2022_CE_7_12456_60001603528,titular,nao_observado,752,2023-02-02,2026-08-11,FALSE,FALSE,TRUE,FALSE,0
31,SALMITO,60001603518,M2022_CE_7_12500_60001603518,titular,nao_observado,411,2023-02-27,2026-08-11,FALSE,FALSE,TRUE,FALSE,0
31,SARGENTO REGINAURO,60001608935,M2022_CE_7_44190_60001608935,titular,outro,754,2023-02-02,2026-03-12,TRUE,FALSE,TRUE,FALSE,0
31,SERGIO AGUIAR,60001603516,M2022_CE_7_12888_60001603516,titular,nao_observado,651,2023-02-02,2026-08-11,FALSE,FALSE,TRUE,FALSE,0
31,SIMAO PEDRO,60001613526,,suplente,suplente_efetivado,627,2023-06-01,2026-08-11,FALSE,FALSE,TRUE,FALSE,0
31,STUART CASTRO,60001634432,M2022_CE_7_70222_60001634432,titular,outro,578,2023-02-02,2025-12-11,TRUE,FALSE,TRUE,FALSE,0
31,TIN GOMES,60001603539,,suplente,suplente_efetivado,407,2025-02-04,2026-08-11,FALSE,FALSE,TRUE,FALSE,0
31,TOMAZ HOLANDA,60001634409,,suplente,suplente_efetivado,232,2024-06-04,2026-08-11,FALSE,FALSE,TRUE,FALSE,0
31,TONY BRITO,60001608911,,suplente,suplente_efetivado,107,2026-03-24,2026-08-11,FALSE,FALSE,TRUE,FALSE,0
31,WALTER CAVALCANTE,60001633641,,suplente,suplente_efetivado,98,2026-04-15,2026-08-11,FALSE,FALSE,TRUE,FALSE,0
31,ZEZINHO ALBUQUERQUE,60001619179,M2022_CE_7_11111_60001619179,titular,nao_observado,44,2026-04-22,2026-08-11,FALSE,FALSE,TRUE,FALSE,0
31,ZULEIDE QUEIROZ,60001613095,,suplente,suplente_efetivado,27,2025-11-06,2025-12-04,TRUE,FALSE,TRUE,FALSE,0
