uf,sg_ue,ano_eleicao_bocel,sistema,nome_fonte,nome_parlamentar,nome_bocel,nome_urna_bocel,metodo_pareamento,forma_saida,tipo_afastamento,id_mandato_bocel,id_pessoa_bocel,url
SC,80659,2008,legisoft,IVO TADEU ANTUNES DE OLIVEIRA,IVO TADEU ANTUNES DE OLIVEIRA,IVO TADEU ANTUNES DE OLIVEIRA,IVO,nome_completo,nao_observado,,M2008_80659_13_25555_6604,BOCEL0082714,https://camaracampobelodosul.sc.gov.br/vereador/ivo-tadeu-antunes-de-oliveira-43
AL,27090,2024,wordpress_cpt_generico,FLÁVIO MUSKYTO,FLÁVIO MUSKYTO,JOSÉ FLÁVIO DA SILVA SOUZA,FLÁVIO MUSKYTO,nome_fonte=nome_urna,nao_observado,,M2024_27090_13_15555_20002148684,BOCEL0103829,https://barradesantoantonio.al.leg.br/mesa-diretora/
SP,64270,2000,generico_secoes,OSMAR APARECIDO DOMINGOS,OSMAR APARECIDO DOMINGOS,OSMAR APARECIDO DOMINGOS,CYNAR,nome_completo,nao_observado,,M2000_64270_13_15610_219,BOCEL0194236,https://www.camarafranciscomorato.sp.gov.br/vereadores/legislaturas
SP,66311,2008,webline,FLAUTILDES PEREIRA DUDU FILHO,DUDU,FLAUTILDES PEREIRA DUDU FILHO,FLAUTILDES DUDU FILHO,nome_completo,fim_regular,,M2008_66311_13_25789_42080,BOCEL0177040,https://camaralavinia.sp.gov.br/?pag=T1RjPU9EZz1PVFU9T0dFPU9EWT1PR0k9T1RZPU9XST0=&idver=6&idleg=1
SP,69035,2016,webline,Eunice Pereira Alves,Nice do Posto,EUNICE PEREIRA ALVES,NICE DO POSTO,nome_completo,fim_regular,,M2016_69035_13_14123_250000080631,BOCEL0144320,https://camarapongai.sp.gov.br/?pag=T1RjPU9EZz1PVFU9T0dFPU9EWT1PR0k9T1RZPU9XST0=&idver=13&idleg=3
RS,89753,2016,wordpress_cpt_generico_secoes,Sandro Drum,Sandro Drum,SANDRO DRUM,SANDRO DRUM,nome_completo,nao_observado,,M2016_89753_13_15680_210000018005,BOCEL0129019,https://www.camarasaltodojacui.rs.gov.br/camara/ex-vereadores/
RS,87980,2008,icamaras,VILSON NEITOR CORNELIUS,VILSON NEITOR CORNELIUS,VILSON NEITOR CORNELIUS,VILSON CORNELIUS,nome_completo,nao_observado,,M2008_87980_13_12666_7996,BOCEL0166471,https://travesseiro.rs.leg.br/vereador/1032/?vilson-neitor-cornelius.html
SP,66753,2024,webline,Isaac Beck Júnior,Isaac Beck Júnior,ISAAC BECK JUNIOR,JUNIOR BECK,nome_completo,nao_observado,,M2024_66753_13_20190_250002255402,BOCEL0264759,https://camaramarabapaulista.sp.gov.br/?pag=T1RjPU9EZz1PVFU9T0dFPU9EWT1PR0k9T1RZPU9XST0=&idver=31&idleg=5
MG,49794,2024,generico,Antônio Marcos Rodrigues,Antônio Marcos Rodrigues,ANTÔNIO MARCOS RODRIGUES,ANTÔNIO DA IVANI,nome_completo,nao_observado,,M2024_49794_13_25610_130002372953,BOCEL0222686,https://cmpedradourada.mg.gov.br/antonio-marcos
PR,78654,2000,generico_secoes,Jurandi Teixeira Machado,Jurandi Teixeira Machado,JURANDI TEIXEIRA MACHADO,JURANDI,nome_completo,nao_observado,,M2000_78654_13_45777_466,BOCEL0107124,https://www.cmsantoinacio.pr.gov.br//index.php?sessao=b054603368v1b0&id=20123
MG,43699,2024,generico_secoes,Joao Paulo Andrade Gutierrez,Joao Paulo Andrade Gutierrez,JOÃO PAULO ANDRADE GUTIERREZ,TIA LITA,nome_completo,nao_observado,,M2024_43699_13_25222_130002350971,BOCEL0241248,https://www.camaraconsolacao.mg.gov.br/vereadores/legislaturas
SP,61530,2004,generico_secoes,Antônio Araújo Rodrigues,Antônio Araújo Rodrigues,ANTONIO ARAUJO RODRIGUES,ANTONIO ARAUJO,nome_completo,nao_observado,,M2004_61530_13_15369_293,BOCEL0040352,https://www.apiai.sp.leg.br/galeria-de-vereadores
PR,79197,2020,webline,Cristiano Gomes Francisco,Cristiano,CRISTIANO GOMES FRANCISCO,CRISTIANO GOMES,nome_completo,fim_regular,,M2020_79197_13_70123_160000964724,BOCEL0201385,https://camaraterrarica.pr.gov.br/?pag=T1RjPU9EZz1PVFU9T0dFPU9EWT1PR0k9T1RZPU9XST0=&idver=36&idleg=7
SP,62200,2024,generico,Carla Adriana do Amaral,Carla Adriana do Amaral,CARLA ADRIANA DO AMARAL,CARLA AMARAL,nome_completo,nao_observado,,M2024_62200_13_10666_250002170011,BOCEL0262854,https://camarasantasalete.sp.gov.br/parlamentares
MG,51616,2024,digitaliza,Manoel Messias Ferreira Santos,Manoel Messias Ferreira Santos,MANOEL MESSIAS FERREIRA SANTOS,MARCELO FLA,nome_completo,nao_observado,,M2024_51616_13_44555_130002050178,BOCEL0243734,https://camarasantamariadosalto.mg.gov.br/vereadores/5/detalhes
SP,64157,2000,generico_secoes,Geraldo Pereira Lins,Geraldo Pereira Lins,GERALDO PEREIRA LINS,GERALDO DA CASA DO NORTE,nome_completo,nao_observado,,M2000_64157_13_14618_41,BOCEL0202751,https://www.ferrazdevasconcelos.sp.leg.br/legislaturas.php
SP,64572,2024,webline,PATRICIA CRISTINA CAETANO DO NASCIMENTO,PATRICIA CRISTINA CAETANO DO NASCIMENTO,PATRICIA CRISTINA CAETANO DO NASCIMENTO,PATRICIA CAETANO,nome_completo,nao_observado,,M2024_64572_13_55455_250002309483,BOCEL0260182,https://camaraguaracai.sp.gov.br/?pag=T1RjPU9EZz1PVFU9T0dFPU9EWT1PR0k9T1RZPU9XST0=&idver=123&idleg=19
PB,21172,2024,generico,VALTIDE PAULINO SANTOS,VALTIDE PAULINO SANTOS,VALTIDE PAULINO SANTOS,TIDE EDUARDO,nome_completo,nao_observado,,M2024_21172_13_10000_150001979269,BOCEL0077790,https://camarapatos.pb.gov.br/a-camara/mesa-diretora
MG,45730,2024,legisoft,Rosilene Aparecida da Silva,Rosilene Aparecida da Silva,ROSILENE APARECIDA DA SILVA,ROSY SILVA CADEIRANTE,nome_completo,nao_observado,,M2024_45730_13_22023_130001903354,BOCEL0235548,https://www.camaraguaxupe.mg.gov.br/vereador/rosilene-aparecida-da-silva-223
TO,92525,2024,generico_secoes,LAIS DO TUPÃ,LAIS DO TUPÃ,LAIS RODRIGUES DE SOUZA,LAIS DO TUPÃ,nome_fonte=nome_urna,nao_observado,,M2024_92525_13_22111_270002061639,BOCEL0150015,https://www.praianorte.to.leg.br/vereador/21
RS,89435,2024,generico,Mateus dos Santos Essvein,Mateus dos Santos Essvein,MATEUS DOS SANTOS ESSVEIN,MATEUS,nome_completo,nao_observado,,M2024_89435_13_15000_210001918539,BOCEL0229307,https://camaratriunfo.rs.gov.br/?pg=index&lc=vereadores&int=ver-vereador&id=29
RN,18856,2024,wordpress_cpt,JOSE TIAGO SANTANA NETO DE FARIAS,JOSE TIAGO SANTANA NETO DE FARIAS,JOSE TIAGO SANTANA NETO DE FARIAS,TIAGO DE ZEZINHO,nome_completo,nao_observado,,M2024_18856_13_11000_200001927768,BOCEL0130885,https://cmtouros.rn.gov.br/vereadores/jose-tiago-santana-neto-de-farias/
RS,88064,2024,legisoft,Normélio João Reckers,Normélio João Reckers,NORMELIO JOÃO RECKERS,NORMELIO RECKERS MÉIO,nome_completo,nao_observado,,M2024_88064_13_22789_210001965933,BOCEL0027990,https://www.cmvs.rs.gov.br/vereador/normelio-joao-reckers-100059
SP,63134,2000,generico_secoes,Emília Vieira Ramalho,Emília Vieira Ramalho,EMILIA VIEIRA RAMALHO,EMILIA RAMALHO,nome_completo,nao_observado,,M2000_63134_13_15651_257,BOCEL0238856,https://www.camaracarapicuiba.sp.gov.br/vereadores/legislaturas
RS,85618,2020,legisoft,Luis Carlos Azevedo da Rosa,Luis Carlos Azevedo da Rosa,LUIS CARLOS AZEVEDO DA ROSA,MANO DO PARQUE,nome_completo,nao_observado,,M2020_85618_13_17577_210000803536,BOCEL0193682,https://cmcachoeirinha.rs.gov.br/vereador/luis-carlos-azevedo-da-rosa-3000040
