"idx","amostra","na_amostra_40","id_mandato_bocel","id_municipio_ibge","data_diario","confianca","evento_inferido","evento_ancorado","metodo_pareamento","motivo_rebaixamento","nome","url_diario","trecho"
1,"30_alta",TRUE,"M2012_72257_13_43007_250000038738","3556206","2016-09-23","alta","cassacao","cassacao","nome_completo_no_trecho",NA,"CÉSAR ROCHA ANDRADE DA SILVA","https://data.queridodiario.ok.org.br/3556206/2016-09-23/d1e42b066ac0c89adedbfc0987b430ca93528b07.pdf","na presente data através do Ofício TRE/SP nº 2782/2016 para as devidas providências. RESOLVE: Art. 1º. É revogado o Ato nº 05, de 16 de agosto de 2016, e revigorado, a partir desta data, o Ato nº 04, de 04 de agosto de 2016, que declarou a <<perda do mandato>> eletivo do vereador César Rocha Andrade da Silva, decretada pela Justiça Eleitoral em decisão confirmada no julgamento dos embargos de declaração na Petição nº 7- 04.2016.6.26.0000. Parágrafo único. São ratificados os atos praticados na vigência"
2,"30_alta",TRUE,"M2020_00159_13_45678_220000653753","1100114","2023-01-11","alta","renuncia","renuncia","nome_completo_no_trecho",NA,"LUIS EDUARDO SCHINCAGLIA","https://data.queridodiario.ok.org.br/1100114/2023-01-11/68e90d9939f11620048fb96bf942a63726907151.pdf"," Municipal de Jaru/RO, sob a Presidência do Vereador Ilson Pedro Félix, tomou posse como vereador o senhor Paulo Pereira Sampaio do Partido da Social Democracia Brasileira - PSDB, para ocupar o cargo de vereador nesta Casa de Leis, em razão da <<renúncia>> do Vereador Luis Eduardo Schincaglia, então Presidente da Câmara Municipal de Jaru, eleito Deputado Estadual do estado de Rondônia para a legislatura 2023/2026. Após a leitura do Termo de Posse o Senhor Presidente Ilson Pedro Félix, convidou"
3,"30_alta",TRUE,"M2012_90514_13_13113_120000002788","5002704","2015-01-23","alta","renuncia","renuncia","nome_completo_no_trecho",NA,"JOSÉ ORCÍRIO MIRANDA DOS SANTOS","https://data.queridodiario.ok.org.br/5002704/2015-01-23/291309483421fc781f99e37407b80f3ba6d16616.pdf","Arleon Carlos Stelini, Alberto Kalache, Marcelo Barbosa Alves Vieira, Sebastião Rolon Neto, Gianni Yara da Costa Lessa dos Santos. DIOGRANDE n. 4.195PÁGINA 11 - sexta-feira, 23 de janeiro de 2015 CONVOCAÇÃO Em decorrência do pedido de <<RENÚNCIA do Vereador>> JOSÉ ORCÍRIO MIRANDA DOS SANTOS, protocolizado nesta Casa, e com base no art. 99 do Regimento Interno deste Poder, convoco o suplente MARCOS ALEX AZEVEDO DE MELLO, eleito no pleito realizado no dia 07 de outubro de 2012, para assunção à"
4,"30_alta",TRUE,"M2024_62294_13_11777_250002126618","3506508","2025-07-17","alta","cassacao","cassacao","nome_completo_no_trecho",NA,"JOSÉ FERMINO GROSSO","https://data.queridodiario.ok.org.br/3506508/2025-07-17/05677910023bbcef0d300ff48191eb468224a0af.pdf","artigo 8º, § 1º, do Decreto-lei 201/67; artigo 25, inciso IX, da Lei Orgânica do Município de Birigui; e artigo 26, inciso III, alínea “d”, da Resolução 216/98 (Regimento Interno da Câmara Municipal de Birigui), RESOLVE Art. 1º - Declarar a <<perda do mandato>> eletivo do Vereador JOSÉ FERMINO GROSSO, em razão da suspensão de seus direitos políticos, nos termos da decisão proferida pela 10ª Câmara de Direito Criminal do Tribunal de Justiça de São Paulo, nos autos da Ação Penal 1002160-41"
5,"30_alta",TRUE,"M2020_70050_13_19019_250000638585","3545209","2024-06-12","alta","cassacao","cassacao","nome_completo_no_trecho",NA,"DANIEL FRAGA MOREIRA BERTANI","https://data.queridodiario.ok.org.br/3545209/2024-06-12/8be539fa095512cb7ebbe76366057f82d41a6d33.pdf","Parlamentar que decide pela <<cassação>> do Vereador Daniel Fraga Moreira Bertani (NOVO). O PRESIDENTE DA CÂMARA DA ESTÂNCIA TURÍSTICA DE SALTO, no uso das atribuições que lhes são conferidas por lei, promulga a seguinte Resolução: Artº1. Fica aprovado o relatório apresentado pela Comissão de Ética e Decoro Parlamentar da Câmara da Estância Turística de Salto, que após lido e aprovado por unanimidade de votos dos seus membros em 24 de maio de 2024 decidiu-se pela <<cassação>> do Vereador Daniel"
6,"30_alta",TRUE,"M2024_70750_13_23789_250002117527","3548708","2026-05-15","alta","licenca","licenca","nome_completo_no_trecho",NA,"ALAN GOMES FERREIRA","https://data.queridodiario.ok.org.br/3548708/2026-05-15/01896d72d544570a5bff13d28fb958acac8430ee.pdf","usando das atribuições que lhe são conferidas por lei; R E S O L V E: Convocar, nos termos do parágrafo 1º, do artigo 30, da Lei Orgânica do Município de São Bernardo do Campo, combinado com o inciso XV, do artigo 30, do Regimento Interno, a <<suplente de Vereador>> pelo Partido CIDADANIA, Sra. LIÂNIA DUARTE DE OLIVEIRA FELICIANO, para substituir a partir de 12 de maio de 2026, o Vereador ALAN GOMES FERREIRA, em licença para tratar de interesse particular. São Bernardo do Campo, em 12 de maio de 2026"
7,"30_alta",TRUE,"M2024_70750_13_23456_250002117533","3548708","2026-06-26","alta","licenca","licenca","nome_completo_no_trecho",NA,"JOÃO VICTOR VIANA PEREIRA","https://data.queridodiario.ok.org.br/3548708/2026-06-26/5d350904e6d88187dab48be7be6c55f26f1fea67.pdf","usando das atribuições que lhe são conferidas por lei; R E S O L V E: Convocar, nos termos do parágrafo 1º, do artigo 30, da Lei Orgânica do Município de São Bernardo do Campo, combinado com o inciso XV, do artigo 30, do Regimento Interno, a <<suplente de Vereador>> pelo Partido CIDADANIA, Sra. LIÂNIA DUARTE DE OLIVEIRA FELICIANO, para substituir a partir de 22 de junho de 2026, o Vereador JOÃO VICTOR VIANA PEREIRA, em licença para tratar de interesse particular. São Bernardo do Campo, em 22 de junho"
8,"30_alta",TRUE,"M2020_71358_13_51051_250001091639","3551702","2022-05-05","alta","renuncia","renuncia","nome_completo_no_trecho",NA,"TIAGO DOS SANTOS LIRA","https://data.queridodiario.ok.org.br/3551702/2022-05-05/ae67c2372fa73f77fe1f47e8f53e7f1147ad097a.pdf","em quem irá votar e que em caso de empate, haverá novo escrutínio entre os dois candidatos mais votados e que, persistindo o empate, disputarão por sorteio (art. 24). Informa ainda que está inelegível o Vereador Tiago dos Santos Lira, devido a sua <<renúncia>>. Solicita aos vereadores que têm interesse em ocupar o cargo de 1º Secretário que se manifestem. Em virtude de nenhum vereador se manifestar para ocupar o cargo, fica prejudicada a votação da eleição, que voltará a ser realizada na próxima sessão"
9,"30_alta",TRUE,"M2016_46752_13_11000_130000029999","3133808","2020-03-06","alta","renuncia","renuncia","nome_completo_no_trecho",NA,"IAGO SOUZA SANTIAGO","https://data.queridodiario.ok.org.br/3133808/2020-03-06/22f1765f7f55d88e3760dac428d0c0f5d2415478.pdf"," art. 31 do R e g i m e n t o I n t e r n o desta casa Legislativa e d e m a i s d i s p o s i ç õ e s r e g i m e n t a i s ; eCONSIDERANDO o o f í c i o d o E x m ° Vereador Iago Souza Santiago, que em seu teor requereu a <<renúncia>> a s u a n o m e a ç ã o n a Comissão Parlamentar de Inquérito: CONSIDERANDO a necessidade de mais vereadores para compor a referida comissão; RESOLVE: A r t . 1 ° R e c o m p o r a Comissão Parlamentar de Inquérito da Câmara"
10,"30_alta",TRUE,"M2020_58530_13_70444_190000853488","3302700","2021-02-12","alta","licenca","licenca","nome_completo_no_trecho",NA,"ADELSO PEREIRA","https://data.queridodiario.ok.org.br/3302700/2021-02-12/b9d96f4f877a5d06b88ca35062d5f2dc9d204567.pdf","Vereador, o Senhor Jocemar dos Santos Simpício (Cemar) – AVANTE – eleito em 15 de novembro de 2020 e diplomado pelo Tribunal Eleitoral do Estado do Rio de Janeiro, no Gabinete da Presidência, a fim de tomar posse em vaga decorrente do pedido de <<licença do Vereador>> Adelso Pereira – AVANTE que ocupará a Secretaria de Iluminação Pública da Prefeitura Municipal de Maricá. O Suplente empossou-se nesta data, prestando compromisso e posse, atendendo ao que preceitua o art. 91 § 1º, da Lei Orgânica do Município"
11,"30_alta",TRUE,"M2020_27537_13_25555_20000939895","2702702","2022-06-10","alta","cassacao","cassacao","nome_completo_no_trecho",NA,"DOUGLAS CASTRO SIMÕES LESSA","https://data.queridodiario.ok.org.br/2700000/2022-06-10/6e9aa3a5342fa780ec354a7c73a0eb17cd744089.pdf","Extraordinária da Câmara de Vereadores de Feliz Deserto Alagoas. Realizada em 06 de Junho de 2022. Aos seis dias do mês de Junho de 2022, no prédio sede da Câmara Municipal, reuniram-se os Vereadores de Feliz Deserto, em julgamento do Processo de <<Cassação>> do Mandato do Vereador Douglas Castro Simões Lessa. Tendo como presidente, o Vereador Jailton Florentino dos Santos, junto ao demais Vereadores presentes, www.diariomunicipal.com.br/ama "
12,"30_alta",TRUE,"M2012_61824_13_25678_250000043106","3536257","2015-08-07","alta","licenca","licenca","nome_completo_no_trecho",NA,"ABILIO DOS SANTOS FARIA","https://data.queridodiario.ok.org.br/3536257/2015-08-07/9a239e027117ff50b07342903cc6ed94ea3d51f7.pdf","Filho, na Sede da Câmara Municipal, às 17:00 h, sob a presidência do Vereador Presidente Dejair da Silva, compareceu o Senhor João Carlos Rodrigues, 1º Suplente de Vereador eleito pela Coligação DEM-PP- PTB-PSB, convocada em virtude da <<licença do vereador>> Abilio dos Santos Faria. Cumpridas as formalidades legais de praxe, o Senhor Presidente, após prestado o compromisso e a apresentação do diploma previsto nos termos do Artigo 91, do Regimento Interno e da Lei Orgânica Municipal, declarou-o"
13,"30_alta",TRUE,"M2008_17612_13_43333_3994","2408102","2011-02-11","alta","renuncia","renuncia","nome_completo_no_trecho",NA,"PAULO WAGNER LEITE DANTAS","https://data.queridodiario.ok.org.br/2408102/2011-02-11/a8d5272cc770962218fb7f0f2740ee58f1ac614c.pdf","TEIXEIRA Presidente ATO DA PRESIDÊNCIA Nº 002/2011 O PRESIDENTE DA CÂMARA MUNICIPAL DO NATAL, atendendo ao que determinam os Ar ts. 19, V e VI, 85 e 94 do Regimento Interno desta Casa Legislativa (Resolução 337/05), RESOLVE: Ar t. 1º - Em vir tude da <<renúncia>> do Vereador Paulo Wagner Leite Dantas solicitada através do Processo nº 002/2011, datado de 27 de janeiro de 2011, fica convocado a assumir o mandato o Vereador Francisco de Assis Oliveira, tendo em vista tratar-se do primeiro suplente da coligação"
14,"30_alta",TRUE,"M2016_17590_13_13123_200000010091","2408003","2019-01-30","alta","renuncia","renuncia","nome_completo_no_trecho",NA,"MARIA ISOLDA DANTAS DE MOURA","https://data.queridodiario.ok.org.br/2408003/2019-01-30/6ec53b75e3837505b4a13d5a48785deba4461182.pdf","Regimento Interno desta Casa de Leis; O PRESIDENTE EM EXERCÍCIO DA CÂMARA MUNICIPAL DE MOSSORÓ, no uso de suas atribuições legais, RESOLVE: Art. 1° Declarar extinto o mandato da Senhora Vereadora Maria Isolda Dantas de Moura, conforme o Pedido de <<Renúncia>> nº 001/2019. Art. 2º Convocar o Suplente de Vereador Gilberto Rego Diógenes,conforme disposto no Art. 325, § 2º do Regimento Interno, para tomar posse como Vereador da Câmara Municipal de Mossoró, no prazo de 15 dias a contar da data desta convocação"
15,"30_alta",TRUE,"M2024_35157_13_22444_50001956470","2910800","2026-06-11","alta","licenca","licenca","nome_completo_no_trecho",NA,"ISMAEL BASTOS DE SANTANA","https://data.queridodiario.ok.org.br/2910800/2026-06-11/82cc0493387ae290131f387197e1295a3e7d254b.pdf","especial o que dispõe o Regimento Interno da Casa no inciso II, do artigo 142, convoca o primeiro suplente de Vereador pelo Partido Liberal (PL), o Sr. Fabiano Nascimento de Souza, para tomar posse no cargo de Vereador, em virtude do pedido de <<licença do Vereador>> Ismael Bastos de Santana, desde hoje, 10 de junho de 2026, sem vencimento, conforme art. 128, I, do Regimento Interno desta Casa Legislativa. Publique-se. Registre-se. Cumpra-se. Gabinete da Presidência da Câmara Municipal de Feita de"
16,"30_alta",TRUE,"M2016_74837_13_22000_160000017776","4104303","2018-04-13","alta","renuncia","renuncia","nome_completo_no_trecho",NA,"SIDNEY RONALDO RIBEIRO","https://data.queridodiario.ok.org.br/4104303/2018-04-13/2fdc5c9782425758cc2c3131287af5dca166bc34.pdf","membros, abaixo especificados, da Comissão Especial constituída para auditar as contas da Previscam – Previdência dos Servidores Públicos Municipais de Campo Mourão, nos termos da Portaria nº 51/2018, alterada pela Portaria 59/2018, em razão da <<renúncia do Vereador>> Sidney Ronaldo Ribeiro. • Edoel Rocha; • Elvira Maria Schen Lima; • Miguel Batista Ribeiro; • Roberto Cruz Mendes. Art. 2º - Esta Portaria entra em vigor na data de sua publicação. Edson Battilani - Presidente PORTARIA"
17,"30_alta",TRUE,"M2008_90670_13_15007_1928","5103403","2009-11-19","alta","cassacao","cassacao","nome_completo_no_trecho",NA,"LUTERO PONCE DE ARRUDA","https://data.queridodiario.ok.org.br/5103403/2009-11-19/f8f6eb1c8faaac6dcaa399551226d57f4c1d26eb.pdf","Extraordinária dos Vereadores, convocada em 13/11/2009, julgando previstas o art. 20, § 2o da Lei Orgânica do Município, art. 90, §§ Io, 2o, art.91, ITT e art. 94 do Regimento Interno da Câmara Municipal de Cuiabá, determinou a Perda de Mandato em face de <<Cassação>> do Vereador Lutero Ponce de Arruda. C O N SID ER A N D O que a conclusão da Comissão Processante foi pela P R O C E D Ê N C IA DA A CU SA ÇÃ O , com fulcro no inciso 1, do artigo 7o, do Decreto- Lei n° 201/67, cm v irtu d e de co n corrência"
18,"30_alta",TRUE,"M2004_41238_11_13_82","3106200","2005-10-14","alta","cassacao","cassacao","nome_completo_no_trecho",NA,"FERNANDO DAMATA PIMENTEL","https://data.queridodiario.ok.org.br/3106200/2005-10-14/41f937456d8e1fb11968bdd15e6b7fb62ecdfc9c.pdf","Interno - RI. Solicitou à Líder do Governo, Vereadora Neusinha Santos, atenção quanto à competência para propor as mudanças na LPOUS. 3) VANDERLEI MIRANDA: ressaltou matéria veiculada na imprensa de que o Vereador Délio Malheiros iria solicitar a <<cassação>> do Prefeito Fernando Damata Pimentel. Anunciou que, em 19/9/05, filiou-se ao PMDB. 4) HENRIQUE BRAGA: falou sobre a realização, pela Igreja do Evangelho Quadrangular, do Grande Clamor a Deus, ocorrido na Praça Sete. Comentou que foi aprovado na"
19,"30_alta",TRUE,"M2008_54011_13_40696_55180","3170107","2011-03-23","alta","renuncia","renuncia","nome_completo_no_trecho",NA,"ANTONIO DOS REIS GONÇALVES LERIN","https://data.queridodiario.ok.org.br/3170107/2011-03-23/d9f4bce33d74606d83ac1cbd5884b11f24e4df9b.pdf","Francisco de Assis Barbosa, e, neste momento, convida para ocupar o lugar o Senhor José Antônio Fernandes Cardoso. TERMO DE POSSE: Aos 14 dias do mês de fevereiro de 2011, na sala da Presidência da Câmara Municipal de Uberaba, em face de pedido de <<renúncia>> ao mandato, requerido pelo Vereador Antônio dos Reis Gonçalves Lerin, por ter sido eleito Deputado Estadual nas eleições de outubro de 2010, compareceram o Presidente da Câmara Municipal de Uberaba, Luiz Humberto Dutra, e, na condição de suplente"
20,"30_alta",TRUE,"M2016_72257_13_25000_250000016667","3556206","2019-11-01","alta","licenca","licenca","nome_completo_no_trecho",NA,"ALDEMAR VEIGA JUNIOR","https://data.queridodiario.ok.org.br/3556206/2019-11-01/2b02ed7ddc85a3cb3480ab71e9f4ce3d44c8e3ca.pdf","Comissão de Justiça e Redação e a Comissão de Higiene e Saúde. DALVA DIAS DA SILVA BERTO, Presidente da Câmara Municipal de Va- linhos, no uso de suas atribuições legais, com base no art. 36 do Regimento Interno da Câmara, Considerando <<licença do vereador>> Aldemar Veiga Júnior pelo período de 25 de outubro a 24 de novembro de 2019; RESOLVE: Art. 1º. É designado, com base no art. 36 do Regimento Interno da Câmara, em substituição ao vereador licenciado Aldemar Veiga Júnior, o vereador Eder"
21,"30_alta",FALSE,"M2016_68314_13_45777_250000042917","3536505","2019-06-13","alta","cassacao","cassacao","nome_completo_no_trecho",NA,"EDNILSON CAZELLATO","https://data.queridodiario.ok.org.br/3536505/2019-06-13/2e57dee6fbf49c3cbd48a4caeac2c2d889859fe3.pdf","EXECUTIVO A CONSTRU- ÇÃO DE UMA QUADRA DE BOCHA NO COMPLEXO ESPORTIVO DO BAIRRO MORUMBI.”; 2ª PARTe - oRdeM do diA 01) LEITURA E CONSULTA AO PLENÁRIO SOBRE O RECEBIMENTO DE DE- NÚNCIA APRESENTADA PELO CIDADÃO GERSON PEREIRA DE SOUZA, QUE PEDE A <<CASSAÇÃO>> DO MANDATO DO VEREADOR EDNILSON CAZELLATO – DU CAZELLATO. 02) DISCUSSÃO ÚNICA E VOTAÇÃO DE SOLICITAÇÃO DO EXECUTIVO, SO- BRE A TRAMITAÇÃO EM REGIME DE URGÊNCIA DO PROJETO DE LEI COM- PLEMENTAR Nº 04/19, DO EXECUTIVO QUE, DISPÕE SOBRE A INCORPORA-"
22,"30_alta",FALSE,"M2024_75353_13_11511_160002073986","4106902","2026-08-21","alta","cassacao","cassacao","nome_completo_no_trecho",NA,"LORENS DE LIMA NOGUEIRA","https://data.queridodiario.ok.org.br/4106902/2026-08-21/6a14c3a8bdefcda8ac217cfacf575e1d11955a24.pdf","Leonidas Edson Kuzma : Presidente ATO DA MESA Nº 8 A MESA DA CÂMARA MUNICIPAL DE CURITIBA, no uso de suas atribuições regimentais e nos termos do art. 22, II e § 2º, da Lei Orgânica do Município de Curitiba, Resolve: Art. 1º Decreta a <<perda do mandato>> do Vereador Lórens de Lima Nogueira, nos termos do art. 10, inciso I; do art. 10, inciso III, combinado com o art. 11, incisos II, XII e XIV; e do art. 10, inciso III, combinado com o art. 12, todos do Código de Ética e Decoro Parlamentar da"
23,"30_alta",FALSE,"M2020_70718_13_13678_250001084151","3548500","2022-10-06","alta","licenca","licenca","nome_completo_no_trecho",NA,"FRANCISCO JOSÉ NOGUEIRA DA SILVA","https://data.queridodiario.ok.org.br/3548500/2022-10-06/7d6f1770309c0d27a5b44e9caefadd93ef71985e.pdf","VEREADOR 6 de outubro de 2022 Diário Oficial de Santos60 A Câmara Municipal de Santos aprovou, na 54ª Sessão Ordinária realizada, em 20 de setembro de 2022, e a Mesa Diretora promulga a seguinte: RESOLUÇÃO Nº 19 05 DE OUTUBRO DE 2022 <<LICENÇA DO VEREADOR>> FRANCISCO JOSÉ NOGUEIRA DA SILVA, E DÁ OUTRAS PROVIDÊNCIAS Art. 1º Fica concedida licença para tratar de interesse particular, no período de 22/09/22 a 06/10/2022, ao Vereador Francisco José Nogueira da Silva, na forma do inciso III, do artigo"
24,"30_alta",FALSE,"M2008_75353_13_45647_7922","4106902","2012-03-13","alta","renuncia","renuncia","nome_completo_no_trecho",NA,"JOÃO CLÁUDIO DEROSSO","https://data.queridodiario.ok.org.br/4106902/2012-03-13/f9efc1b187fbebda08beebcdf167e57e442a2050.pdf","E S A N° 04/2012 A MESA DA CÂMARA MUNICIPAL DE CURITIBA, CAPITAL DO ESTADO DO PARANÁ, no uso de suas atribuições legais, R E S O L V E : DECLARAR vago o cargo de Presidente da Mesa deste Legislativo, no biênio 2011/2012, em razão da <<renúncia do Vereador>> JOÃO CLAUDIO DEROSSO, deste Cargo, conforme Ofício lido na Sessão Plenária do dia 12 de março de 2012, nos termos do Art. 30 do Regimento Interno, pelo que é convocada eleição para o seu preenchimento nos termos regimentais. PALÁCIO RIO"
25,"30_alta",FALSE,"M2016_66192_13_45111_250000025653","3525904","2019-08-23","alta","licenca","licenca","nome_completo_no_trecho",NA,"RAFAEL ANTONUCCI","https://data.queridodiario.ok.org.br/3525904/2019-08-23/b8223470483f67752ab3c1fface6fe746badac80.pdf","Requerimentos - ao Plenário: Nº. 233/2019 - DOUGLAS DO NASCIMENTO MEDEIROS - PRORROGAÇÃO do prazo dos trabalhos da Frente Parlamentar em Defesa da Família, objeto do Requerimento nº. 48/2017. Nº. 234/2019 - RAFAEL ANTONUCCI - <<LICENÇA do Vereador>> RAFAEL ANTONUCCI, no período de 28 de agosto a 26 de setembro de 2019, para trato de assuntos particulares. - à Presidência: Nº. 556/2019 - MESA DIRETORA - RETIRADA do Projeto de Resolução n.º 823, de autoria da Mesa Diretora"
26,"30_alta",FALSE,"M2016_70750_13_45255_250000009810","3548708","2018-01-12","alta","licenca","licenca","nome_completo_no_trecho",NA,"MARIO HENRIQUE DE ABREU","https://data.queridodiario.ok.org.br/3548708/2018-01-12/e1b1b591eaa0b29e3e50834e547fa733f0b34c2b.pdf","usando das atribuições que lhe são conferidas por lei; RESOLVE: Convocar, nos termos do parágrafo 1º, do artigo 30, da Lei Orgânica do Município de São Bernardo do Campo, combinado com o inciso XIV, do artigo 30, do Regimento Interno, a <<suplente de Vereador>> pelo Partido da Social Democracia Brasileira - PSDB, Sra. LIANIA DUARTE DE OLIVEIRA FELICIANO, para substituir a partir de 29 de dezembro de 2017, o Vereador MARIO HENRIQUE DE ABREU, em licença médica. São Bernardo do Campo, em 22 de dezembro"
27,"30_alta",FALSE,"M2012_90514_13_45045_120000006320","5002704","2014-12-30","alta","renuncia","renuncia","nome_completo_no_trecho",NA,"ROSIANE MODESTO DE OLIVEIRA","https://data.queridodiario.ok.org.br/5002704/2014-12-30/04fec88ab6b0aad40cbb04e4aabc7ccfa224e262.pdf","Reavaliação do Patrimônio desta Câmara Municipal. Art. 2º - Esta Portaria entra em vigor na data de sua publicação. Câmara Municipal de Campo Grande - MS, 29 de dezembro de 2014. MARIO CESAR Presidente CONVOCAÇÃO Em decorrência do pedido de <<RENÚNCIA>> da Vereadora ROSIANE MODESTO DE OLIVEIRA, protocolizado nesta Casa sob o nº 16205, em 18/12/14, e com base no art. 99 do Regimento Interno deste Poder, convoco o suplente JOSÉ CHADID, eleito no pleito realizado no dia 07 de outubro de 2012, para"
28,"30_alta",FALSE,"M2016_90670_13_20300_110000008463","5103403","2020-03-10","alta","cassacao","cassacao","nome_completo_no_trecho",NA,"ABILIO JACQUES BRUNINI MOUMER","https://data.queridodiario.ok.org.br/5103403/2020-03-10/12a22577309c53b2979a3a9454bac14d0ec877e7.pdf","cassação do Mandato Parlamentar do Vereador Abílio, em Sessão Plenária previamente convocada para este fim, e que os votos foram dados de forma aberta, mediante chamada nominal de cada Vereador: DECRETA: Art. 1º Fica decretada a <<PERDA DO MANDATO>> DO VEREADOR ABÍLIO JACQUES BRUNINI MOUMER, cujo nome parlamentar é ABÍLIO JÚNIOR, do Partido PSC, POR QUEBRA DE DECORO PARLAMENTAR, de acordo com a decisão proferida pelo Soberano Plenário da Câmara Municipal de Cuiabá"
29,"30_alta",FALSE,"M2012_90514_13_45045_120000006320","5002704","2015-01-08","alta","renuncia","renuncia","nome_completo_no_trecho",NA,"ROSIANE MODESTO DE OLIVEIRA","https://data.queridodiario.ok.org.br/5002704/2015-01-08/065dc3a75cfb9535a26e485d95685b082ccd68ec.pdf","posteriormente. Em seguida o Presidente dos trabalhos da solenidade, declarou os membros da Mesa Diretora empossados. Em ato continuo a Mesa Diretora empossada deu posse ao Sr. José Chadid (sem partido), à titularidade do mandato, em decorrência da <<renúncia>> da Vereadora Rosiane Modesto de Oliveira (PSDB). Após, eu, Vereador Mario Cesar, Presidente eleito e empossado, declarei encerrada a presente sessão. Câmara Municipal de Campo Grande, 1º de Janeiro de 2015. VEREADOR MARIO CESAR Presidente ATOS"
30,"30_alta",FALSE,"M2020_70718_13_11611_250001085158","3548500","2022-06-23","alta","licenca","licenca","nome_completo_no_trecho",NA,"ADILSON DOS SANTOS JUNIOR","https://data.queridodiario.ok.org.br/3548500/2022-06-23/015b3e9911161cbb79358e1ff96e54a3709ce4b1.pdf","C/C 01 034.709-8 Santos, 21 de junho de 2022 VISON BORGES LUZ A Câmara Municipal de Santos aprovou, na 36ª Sessão Ordinária realizada, em 14 de junho de 2022, e a Mesa Diretora promulga a seguinte: RESOLUÇÃO Nº 10 14 DE JUNHO DE 2022 <<LICENÇA DO VEREADOR>> ADILSON DOS SAN- TOS JUNIOR, E DÁ OUTRAS PROVIDÊNCIAS Art. 1º O Vereador Adilson dos Santos Junior en- contra-se de licença, nos termos previstos no in- ciso II do artigo 73 do Regimento Interno, a partir de 10/06/2022 a 18/06/2022, para"
31,"20_media",TRUE,"M2024_89575_11_40_210001970800","4322707","2026-02-11","media","renuncia",NA,"nome_completo_no_trecho","sem_ancora_nome_cargo_termo","GILSON ADRIANO BECKER","https://data.queridodiario.ok.org.br/4322707/2026-02-11/be1d05f37fcfcb72e33768f48e4a1dd2a7383967.pdf","apresentar no setor de Recursos Humanos, na Secretaria Municipal de Administração da Prefeitura Municipal de Vera Cruz, situada na Avenida Nestor Frederico Henn, 1645. O NÃO comparecimento no prazo estipulado será interpretado como <<renúncia>> ao contrato. Gabinete do Prefeito, 11 de fevereiro de 2026. GILSON ADRIANO BECKER Prefeito Vera Cruz/RS, Quarta-feira, 11 de Fevereiro de 2026 - Edição 1898 - Lei 4.683/18 _____________________________________________________________________________________"
32,"20_media",TRUE,"M2020_89575_11_40_210000686551","4322707","2022-01-20","media","renuncia",NA,"nome_completo_no_trecho","sem_ancora_nome_cargo_termo","GILSON ADRIANO BECKER","https://data.queridodiario.ok.org.br/4322707/2022-01-20/73040f39d88a7b18a1de2562acad86bcace56240.pdf"," setor de Recursos Humanos, na Secretaria Municipal de Administração da Prefeitura Municipal de Vera Cruz, situada na Avenida Nestor Frederico Henn, 1645. O NÃO comparecimento no prazo estipulado será interpretado como <<renúncia>> ao contrato. Gabinete do Prefeito, 20 de janeiro de 2022. GILSON ADRIANO BECKER Prefeito Vera Cruz/RS, Quinta-feira, 20 de Janeiro de 2022 - Edição 912 - Lei 4.683/18 _____________________________________________________________________________________"
33,"20_media",TRUE,"M2012_75353_13_10123_160000014972","4106902","2016-04-11","media","renuncia",NA,"tokens_primeiro_e_ultimo_nome_unico",NA,"VALDEMIR MANOEL SOARES","https://data.queridodiario.ok.org.br/4106902/2016-04-11/c27e6ce2294aace2daffdedb2f6245461d20a79c.pdf","Legislativo CÂMARA MUNICIPAL DE CURITIBA - CMC DIÁRIO OFICIAL ELETRÔNICO ATOS DO MUNICÍPIO DE CURITIBA Nº 67 - ANO V CURITIBA, SEGUNDA-FEIRA, 11 DE ABRIL DE 2016 Página 5 ATO DA MESA Nº 4 declarar, vaga uma cadeira neste Legislativo, em razão da <<renúncia>> do mandato do Vereador Valdemir Soares, nos termos do Parágrafo Único do Artigo 26 da Lei Orgânica do Município de Curitiba, combinado com o Art. 15 do Regimento Interno da Câmara Municipal de Curitiba, a partir do dia 06 de abril do corrente ano"
34,"20_media",TRUE,"M2020_89575_11_40_210000686551","4322707","2024-06-13","media","renuncia",NA,"nome_completo_no_trecho","sem_ancora_nome_cargo_termo","GILSON ADRIANO BECKER","https://data.queridodiario.ok.org.br/4322707/2024-06-13/9934841e0e3addc96e4900853dcc1761cc6f5046.pdf","apresentar no setor de Recursos Humanos, na Secretaria Municipal de Administração da Prefeitura Municipal de Vera Cruz, situada na Avenida Nestor Frederico Henn, 1645. O NÃO comparecimento no prazo estipulado será interpretado como <<renúncia>> ao contrato. Gabinete do Prefeito, 13 de junho de 2024. GILSON ADRIANO BECKER Prefeito Vera Cruz/RS, Quinta-feira, 13 de Junho de 2024 - Edição 1497 - Lei 4.683/18 _____________________________________________________________________________________"
35,"20_media",TRUE,"M2020_89575_11_40_210000686551","4322707","2024-06-17","media","renuncia",NA,"nome_completo_no_trecho","sem_ancora_nome_cargo_termo","GILSON ADRIANO BECKER","https://data.queridodiario.ok.org.br/4322707/2024-06-17/0fe36746af89fd9f6a33e928cbcfe85a62861cac.pdf","apresentar no setor de Recursos Humanos, na Secretaria Municipal de Administração da Prefeitura Municipal de Vera Cruz, situada na Avenida Nestor Frederico Henn, 1645. O NÃO comparecimento no prazo estipulado será interpretado como <<renúncia>> ao contrato. Gabinete do Prefeito, 17 de junho de 2024. GILSON ADRIANO BECKER Prefeito Vera Cruz/RS, Segunda-feira, 17 de Junho de 2024 - Edição 1499 - Lei 4.683/18 _____________________________________________________________________________________"
36,"20_media",TRUE,"M2024_74950_13_10200_160001974395","4104907","2026-06-29","media","renuncia",NA,"nome_completo_no_trecho","sem_ancora_nome_cargo_termo","JHONNATHAN DE SOUSA FLUGEL","https://data.queridodiario.ok.org.br/4104907/2026-06-29/e0d20489ec91ccef6cf36108eee9e4c2b756ddf1.pdf","procedeu-se à votação para eleição da 2ª Secretaria da Mesa Executiva da Câmara Municipal de Castro, com mandato até 31 de dezembro de 2026, tendo em vista a apresentação na Sessão Ordinária de vinte e dois (22) de junho de 2026, de Termo de <<Renúncia>> ao cargo de 2º Secretário da Mesa Executiva pelo Vereador Jhonnathan de Sousa Flugel, nos termos do artigo 12, inciso III do Regimento Interno da Casa. Estavam presentes na votação os Vereadores eleitos para a Gestão 2025 – 2028, a saber: Gerson"
37,"20_media",TRUE,"M2020_74950_13_11500_160000720447","4104907","2023-05-05","media","renuncia",NA,"nome_completo_no_trecho","sem_ancora_nome_cargo_termo","AUGUSTO DE CAMARGO IUCKSCH BECK","https://data.queridodiario.ok.org.br/4104907/2023-05-05/b43975777fb6e22d55937aec3ee92e719c656456.pdf","procedeu-se à votação para eleição da 1ª Secretaria da mesa Executiva da Câmara municipal de Castro, com mandato até 31 de dezembro de 2024, tendo em vista a apresentação na Sessão Ordinária de vinte e seis (26) de abril de 2023, de Termo de <<Renúncia>> ao cargo de 1º Secretário da mesa Executiva pelo Vereador Augusto de Camargo iucksch Beck, nos termos do artigo 12, inciso iii do Regimento interno da Casa. Estavam presentes na votação os Vereadores eleitos para a Gestão 2021 – 2024, a saber:"
38,"20_media",TRUE,"M2016_72451_13_15200_250000037577","3557105","2018-05-16","media","cassacao",NA,"nome_completo_no_trecho","sem_ancora_nome_cargo_termo","VANDER MARCELO COIENCA","https://data.queridodiario.ok.org.br/3557105/2018-05-16/e38325f08eceb9fa28cfb941c550ca4c1ee98200.pdf","que enquanto munícipe acompanhou um processo de <<cassação>> e lembrou, ainda, que participou como membro da Comissão de Ética de processo de <<cassação>> em legislatura anterior, explicou que não aceita interferência externa de nenhum outro Poder no Poder Legislativo, afirmando que votará contra a <<cassação>> do Vereador denunciado, defendeu o trabalho feito pelo Vereador denunciado durante essa legislatura e voltou a afirmar que votará contra a <<cassação>>; Vander Marcelo Coienca em seu pronunciamento"
39,"20_media",TRUE,"M2020_61115_13_23000_250001125011","3500600","2023-03-13","media","renuncia",NA,"nome_completo_no_trecho","sem_ancora_nome_cargo_termo","TATIANA HEIDORN ALVAREZ DE AQUINO PEREIRA","https://data.queridodiario.ok.org.br/3500600/2023-03-13/b913fecc657a6064b6f83349687f9af460bb2f2d.pdf","BEBEDOUROSPÚBLICOS DO MUNICÍPIO, ESPECIALMENTENO PARQUE DAS ÁGUAS E TAMBÉM NO BEBEDOURO DO MIRANTE DA CICLOVIA, EVITANDO FURTOS AUTORIA: VEREADORA MONICA DE MITRY CORRENTE CORRESPONDÊNCIARECEBIDA CORRESPONDÉNCIARECEBIDA - 03/03/2023 ASSUNTO: PEDIDO DE <<RENÚNCIA>> DO CARGO DE VEREADORA AUTORIA: VEREADORA TATIANA HEIDORN ALVAREZ DE AQUINO PEREIRA CORRESPONDÊNCIARECEBIDA - 08/03/2023 ASSUNTO: SOLICITA INFORMAÇÕESSOBRE VIAGEM Á MINAS GERAIS AUTORIA: VEREADORA MONICA DE MITRY CORRENTE CORRESPONDÊNCIARECEBIDA"
40,"20_media",TRUE,"M2024_32450_11_55_260002136947","2807303","2026-04-07","media","renuncia",NA,"nome_completo_no_trecho","sem_ancora_nome_cargo_termo","LUCAS FREIRE VASCO","https://data.queridodiario.ok.org.br/2807303/2026-04-07/05df21b489ed5eecf552446a6e87d97d28157d2b.pdf","anexos II, III e IV são obrigatórias e a do anexo V é facultativa, conforme decisão pessoal e espontânea do candidato. Observação: O não comparecimento para apresentação da documentação no prazo acima estipulado, fica declarado pelo convocado a <<renúncia>> tácita e ou desistência pela vaga pleiteada. Gabinete do Prefeito Municipal de Telha, em 07 de abril de 2026. LUCAS FREIRE VASCO PREFEITO KARLA MARCELINA DE JESUS BRASIDA SECRETÁRIA MUNICIPAL DE ADMINISTRAÇÃO JULIANA RAMOS"
41,"20_media",TRUE,"M2020_89575_11_40_210000686551","4322707","2024-04-03","media","renuncia",NA,"nome_completo_no_trecho","sem_ancora_nome_cargo_termo","GILSON ADRIANO BECKER","https://data.queridodiario.ok.org.br/4322707/2024-04-03/8109aad3112c8200abae19053069bd5ae2a09521.pdf"," setor de Recursos Humanos, na Secretaria Municipal de Administração da Prefeitura Municipal de Vera Cruz, situada na Avenida Nestor Frederico Henn, 1645. O NÃO comparecimento no prazo estipulado será interpretado como <<renúncia>> ao contrato. Gabinete do Prefeito, 03 de abril de 2024. GILSON ADRIANO BECKER Prefeito Vera Cruz/RS, Quarta-feira, 03 de Abril de 2024 - Edição 1451 - Lei 4.683/18 _____________________________________________________________________________________"
42,"20_media",TRUE,"M2016_91510_13_15015_110000010558","5107602","2019-02-08","media","renuncia",NA,"tokens_primeiro_e_ultimo_nome_unico",NA,"THIAGO ALEXANDRE RODRIGUES DA SILVA","https://data.queridodiario.ok.org.br/5107602/2019-02-08/be8a082ba0d84ee4f778a2e97ab87885ee82072b.pdf","e trinta e quatro, foi realizado o Termo de Posse do Senhor REGINALDO DE SOUZA SANTOS, eleito 1° suplente de Vereador pela Coligação """"SEGUINDO EM FRENTE 1"""", em dois de outubro de dois mil e dezesseis. A posse se deu em decorrência da Carta <<Renúncia>> do Vereador Thiago Silva, através do Memorando nº 008/2019, ao Cargo eletivo de Vereador a partir de 24 de janeiro de 2019, conforme Regimento Interno no Art. 23 - Alínea II. O vereador Reginaldo de Souza Santos, já estava como Vereador pois"
43,"20_media",TRUE,"M2016_54011_13_55123_130000039683","3170107","2019-08-07","media","cassacao",NA,"nome_completo_no_trecho","sem_ancora_nome_cargo_termo","ISMAR VICENTE DOS SANTOS","https://data.queridodiario.ok.org.br/3170107/2019-08-07/0d00aac248f28d1eb3b802f48104a614ded047df.pdf","Agosto de 2019. ISMAR VICENTE DOS SANTOS Vereador/Presidente RESOLUÇÕES RESOLUÇÃO Nº. 3.773 Altera a Resolução nº 2.363/2006, que “Dispõe sobre o Regimento Interno da Câmara Municipal de Uberaba”, versando sobre o processo de <<cassação>> do Prefeito Municipal, e contém outras disposições. O Povo do Município de Uberaba, Estado de Minas Gerais, por seus representantes na Câmara Municipal, aprova, e eu, presidente, em seu nome, promulgo a seguinte Resolução: Art. 1º. Dá nova"
44,"20_media",TRUE,"M2024_89575_11_40_210001970800","4322707","2025-02-04","media","renuncia",NA,"nome_completo_no_trecho","sem_ancora_nome_cargo_termo","GILSON ADRIANO BECKER","https://data.queridodiario.ok.org.br/4322707/2025-02-04/05b29a7f4a266bd90969f2b92e3ae1eebc7202d7.pdf","se apresentar no setor de Recursos Humanos, na Secretaria Municipal de Administração da Prefeitura Municipal de Vera Cruz, situada na Avenida Nestor Frederico Henn, 1645. O NÃO comparecimento no prazo estipulado será interpretado como <<renúncia>> ao contrato. Gabinete do Prefeito, 04 de fevereiro de 2025. GILSON ADRIANO BECKER Prefeito Vera Cruz/RS, Terça-feira, 04 de Fevereiro de 2025 - Edição 1648 - Lei 4.683/18 _____________________________________________________________________________________"
45,"20_media",TRUE,"M2020_89575_11_40_210000686551","4322707","2021-04-29","media","renuncia",NA,"nome_completo_no_trecho","sem_ancora_nome_cargo_termo","GILSON ADRIANO BECKER","https://data.queridodiario.ok.org.br/4322707/2021-04-29/fcd165822a427470cc0ca95ae09dfa56f1c3c164.pdf","convocado deve se apresentar no setor de Recursos Humanos, na Secretaria Municipal de Administração da Prefeitura Municipal de Vera Cruz, situada na Avenida Nestor Frederico Henn, 1645. O NÃO comparecimento no prazo estipulado será interpretado como <<renúncia>> ao contrato. Gabinete do Prefeito, 29 de Abril de 2021. GILSON ADRIANO BECKER Prefeito Vera Cruz/RS, Quinta-feira, 29 de Abril de 2021 - Edição 734 - Lei 4.683/18 _____________________________________________________________________________________"
46,"20_media",TRUE,"M2024_89575_11_40_210001970800","4322707","2025-10-07","media","renuncia",NA,"nome_completo_no_trecho","sem_ancora_nome_cargo_termo","GILSON ADRIANO BECKER","https://data.queridodiario.ok.org.br/4322707/2025-10-07/07ed61a18b012489e1f9ab85654d2ecc6016354c.pdf","apresentar no setor de Recursos Humanos, na Secretaria Municipal de Administração da Prefeitura Municipal de Vera Cruz, situada na Avenida Nestor Frederico Henn, 1645. O NÃO comparecimento no prazo estipulado será interpretado como <<renúncia>> ao contrato. Gabinete do Prefeito, 07 de outubro de 2025. GILSON ADRIANO BECKER Prefeito Vera Cruz/RS, Terça-feira, 07 de Outubro de 2025 - Edição 1812 - Lei 4.683/18 _____________________________________________________________________________________"
47,"20_media",TRUE,"M2024_89575_11_40_210001970800","4322707","2025-08-15","media","renuncia",NA,"nome_completo_no_trecho","sem_ancora_nome_cargo_termo","GILSON ADRIANO BECKER","https://data.queridodiario.ok.org.br/4322707/2025-08-15/d0622be1eb6d7c9e977135200a727e032227418d.pdf","apresentar no setor de Recursos Humanos, na Secretaria Municipal de Administração da Prefeitura Municipal de Vera Cruz, situada na Avenida Nestor Frederico Henn, 1645. O NÃO comparecimento no prazo estipulado será interpretado como <<renúncia>> ao contrato. Gabinete do Prefeito, 15 de agosto de 2025. GILSON ADRIANO BECKER Prefeito Vera Cruz/RS, Sexta-feira, 15 de Agosto de 2025 - Edição 1777 - Lei 4.683/18 _____________________________________________________________________________________"
48,"20_media",TRUE,"M2020_89575_11_40_210000686551","4322707","2021-03-08","media","renuncia",NA,"nome_completo_no_trecho","sem_ancora_nome_cargo_termo","GILSON ADRIANO BECKER","https://data.queridodiario.ok.org.br/4322707/2021-03-08/32001a7feffab705af2ebc4b62e7de2608333b7c.pdf","convocado deve se apresentar no setor de Recursos Humanos, na Secretaria Municipal de Administração da Prefeitura Municipal de Vera Cruz, situada na Avenida Nestor Frederico Henn, 1645. O NÃO comparecimento no prazo estipulado será interpretado como <<renúncia>> ao contrato. Gabinete do Prefeito, 08 de Março de 2021. GILSON ADRIANO BECKER Prefeito Vera Cruz/RS, Segunda-feira, 08 de Março de 2021 - Edição 698 - Lei 4.683/18 _____________________________________________________________________________________"
49,"20_media",TRUE,"M2012_66192_13_13200_250000016570","3525904","2013-10-11","media","licenca",NA,"tokens_primeiro_e_ultimo_nome_unico","nome_e_assinatura_do_ato","GERSON HENRIQUE SARTORI","https://data.queridodiario.ok.org.br/3525904/2013-10-11/d614f1c91d1cd41785cc16a89d006acab61e17b2.pdf","Presidente da República pela ampliação do período da licença maternidade de 120 para 180 dias para todas as funcionárias/empregadas do País. (APROVADA) 2.b) Requerimento ao Plenário aprovado: ANTONIO CARLOS PEREIRA NETO 150 - <<Licença do Vereador>> Antonio Carlos Pereira Neto, por trinta dias, para trato de assuntos particulares. GERSON SARTORI Presidente PROJETO DE LEI N°. 11.379 (Antonio Carlos Pereira Neto e Paulo Sergio Martins) Regula exigências para o funcionamento de academias"
50,"20_media",TRUE,"M2012_27855_13_25123_20000007823","2704302","2015-01-29","media","renuncia",NA,"nome_completo_no_trecho","sem_ancora_nome_cargo_termo","JOÃO LUIZ ROCHA","https://data.queridodiario.ok.org.br/2704302/2015-01-29/7734f6e3cd6d860bef55bc95537366f0b9e88815.pdf","03/2015 Ao Ilustríssimo Senhor Presidente da Câmara de Vereadores de Maceió João Luiz Rocha, Vereador com assento nesta Casa de Leis, vem, à presença de Vossa Senhoria, e perante a mesa Diretora da Câmara de Vereadores de Maceió, apresentar <<RENÚNCIA>>, do exercício do mandato de vereador, delegado pela inexpugnável vontade popular, no curso da eleição do ano 2012. Para atender ao disposto no artigo 54, inciso II, alínea “d”, da Constituição Federal, bem como a Constituição do Estado de Alagoas"
