sg_uf,ano_eleicao,n_bocel,n_pareados,n_fonte,n_fonte_titulares,fonte,coletada,taxa_pareamento,legislatura_ano_inicio
AC,1998,24,17,25,25,sapl_api,TRUE,0.7083,1999
AC,2002,24,19,26,26,sapl_api,TRUE,0.7917,2003
AC,2006,24,21,28,28,sapl_api,TRUE,0.875,2007
AC,2010,24,23,24,24,sapl_api,TRUE,0.9583,2011
AC,2014,24,24,25,25,sapl_api,TRUE,1,2015
AC,2018,24,24,26,26,sapl_api,TRUE,1,2019
AC,2022,24,23,25,25,sapl_api,TRUE,0.9583,2023
AL,1998,27,2,2,2,sapl_api,TRUE,0.0741,1999
AL,2002,27,10,11,11,sapl_api,TRUE,0.3704,2003
AL,2006,27,27,27,27,sapl_api,TRUE,1,2007
AL,2010,27,25,27,27,sapl_api,TRUE,0.9259,2011
AL,2014,27,27,33,27,sapl_api,TRUE,1,2015
AL,2018,27,27,30,30,sapl_api,TRUE,1,2019
AL,2022,27,27,34,31,sapl_api,TRUE,1,2023
AM,1998,24,0,,,,FALSE,0,1999
AM,2002,24,0,,,,FALSE,0,2003
AM,2006,24,0,,,,FALSE,0,2007
AM,2010,24,21,27,27,sapl_api,TRUE,0.875,2011
AM,2014,24,21,24,24,sapl_api,TRUE,0.875,2015
AM,2018,24,23,27,26,sapl_api,TRUE,0.9583,2019
AM,2022,24,22,26,26,sapl_api,TRUE,0.9167,2023
AP,1998,24,0,,,,FALSE,0,1999
AP,2002,24,0,,,,FALSE,0,2003
AP,2006,24,0,,,,FALSE,0,2007
AP,2010,24,0,,,,FALSE,0,2011
AP,2014,24,0,,,,FALSE,0,2015
AP,2018,24,0,,,,FALSE,0,2019
AP,2022,24,0,,,,FALSE,0,2023
BA,1998,63,48,70,0,alba_legislatura,TRUE,0.7619,1999
BA,2002,63,47,70,0,alba_legislatura,TRUE,0.746,2003
BA,2006,63,50,70,0,alba_legislatura,TRUE,0.7937,2007
BA,2010,63,48,71,0,alba_legislatura,TRUE,0.7619,2011
BA,2014,63,48,69,0,alba_legislatura,TRUE,0.7619,2015
BA,2018,63,51,72,0,alba_legislatura,TRUE,0.8095,2019
BA,2022,63,54,72,0,alba_legislatura,TRUE,0.8571,2023
CE,1998,46,0,,,,FALSE,0,1999
CE,2002,46,0,,,,FALSE,0,2003
CE,2006,46,0,,,,FALSE,0,2007
CE,2010,46,0,,,,FALSE,0,2011
CE,2014,46,0,,,,FALSE,0,2015
CE,2018,46,0,,,,FALSE,0,2019
CE,2022,46,0,,,,FALSE,0,2023
DF,1998,24,9,31,24,cldf_legislaturas_anteriores,TRUE,0.375,1999
DF,2002,24,16,28,24,cldf_legislaturas_anteriores,TRUE,0.6667,2003
DF,2006,24,22,36,24,cldf_legislaturas_anteriores,TRUE,0.9167,2007
DF,2010,24,18,28,24,cldf_legislaturas_anteriores,TRUE,0.75,2011
DF,2014,24,21,25,25,cldf_legislaturas_anteriores,TRUE,0.875,2015
DF,2018,24,22,29,24,cldf_legislaturas_anteriores,TRUE,0.9167,2019
DF,2022,24,23,24,24,cldf_legislatura_atual,TRUE,0.9583,2023
ES,1998,30,0,,,,FALSE,0,1999
ES,2002,30,0,,,,FALSE,0,2003
ES,2006,30,0,,,,FALSE,0,2007
ES,2010,30,0,,,,FALSE,0,2011
ES,2014,30,0,,,,FALSE,0,2015
ES,2018,30,0,,,,FALSE,0,2019
ES,2022,30,0,,,,FALSE,0,2023
GO,1998,41,24,50,0,alego_legislaturas_anteriores,TRUE,0.5854,1999
GO,2002,41,29,43,0,alego_legislaturas_anteriores,TRUE,0.7073,2003
GO,2006,41,33,49,0,alego_legislaturas_anteriores,TRUE,0.8049,2007
GO,2010,41,34,55,0,alego_legislaturas_anteriores,TRUE,0.8293,2011
GO,2014,41,34,50,0,alego_legislaturas_anteriores,TRUE,0.8293,2015
GO,2018,41,38,48,0,alego_legislaturas_anteriores,TRUE,0.9268,2019
GO,2022,41,37,49,0,alego_legislaturas_anteriores,TRUE,0.9024,2023
MA,1998,42,0,,,,FALSE,0,1999
MA,2002,42,0,,,,FALSE,0,2003
MA,2006,42,0,,,,FALSE,0,2007
MA,2010,42,0,,,,FALSE,0,2011
MA,2014,42,0,,,,FALSE,0,2015
MA,2018,42,0,,,,FALSE,0,2019
MA,2022,42,0,,,,FALSE,0,2023
MG,1998,77,0,,,,FALSE,0,1999
MG,2002,77,0,,,,FALSE,0,2003
MG,2006,77,0,,,,FALSE,0,2007
MG,2010,77,0,,,,FALSE,0,2011
MG,2014,77,0,,,,FALSE,0,2015
MG,2018,77,0,,,,FALSE,0,2019
MG,2022,77,0,,,,FALSE,0,2023
MS,1998,24,0,,,,FALSE,0,1999
MS,2002,24,0,,,,FALSE,0,2003
MS,2006,24,0,,,,FALSE,0,2007
MS,2010,24,0,,,,FALSE,0,2011
MS,2014,24,0,,,,FALSE,0,2015
MS,2018,24,0,,,,FALSE,0,2019
MS,2022,24,0,,,,FALSE,0,2023
MT,1998,24,0,,,,FALSE,0,1999
MT,2002,24,0,,,,FALSE,0,2003
MT,2006,24,0,,,,FALSE,0,2007
MT,2010,24,0,,,,FALSE,0,2011
MT,2014,24,0,,,,FALSE,0,2015
MT,2018,24,0,,,,FALSE,0,2019
MT,2022,24,0,,,,FALSE,0,2023
PA,1998,41,0,,,,FALSE,0,1999
PA,2002,41,0,,,,FALSE,0,2003
PA,2006,41,0,,,,FALSE,0,2007
PA,2010,41,0,,,,FALSE,0,2011
PA,2014,41,0,,,,FALSE,0,2015
PA,2018,41,0,,,,FALSE,0,2019
PA,2022,41,0,,,,FALSE,0,2023
PB,1998,36,36,36,36,sapl_api,TRUE,1,1999
PB,2002,36,34,43,43,sapl_api,TRUE,0.9444,2003
PB,2006,36,35,43,43,sapl_api,TRUE,0.9722,2007
PB,2010,36,36,48,48,sapl_api,TRUE,1,2011
PB,2014,36,35,51,38,sapl_api,TRUE,0.9722,2015
PB,2018,36,35,47,38,sapl_api,TRUE,0.9722,2019
PB,2022,36,35,57,36,sapl_api,TRUE,0.9722,2023
PE,1998,49,0,,,,FALSE,0,1999
PE,2002,49,0,,,,FALSE,0,2003
PE,2006,49,0,,,,FALSE,0,2007
PE,2010,49,0,,,,FALSE,0,2011
PE,2014,49,0,,,,FALSE,0,2015
PE,2018,49,0,,,,FALSE,0,2019
PE,2022,49,0,,,,FALSE,0,2023
PI,1998,30,23,36,36,sapl_api,TRUE,0.7667,1999
PI,2002,30,28,35,35,sapl_api,TRUE,0.9333,2003
PI,2006,30,30,39,39,sapl_api,TRUE,1,2007
PI,2010,30,27,43,43,sapl_api,TRUE,0.9,2011
PI,2014,30,28,44,44,sapl_api,TRUE,0.9333,2015
PI,2018,30,28,40,32,sapl_api,TRUE,0.9333,2019
PI,2022,30,29,42,32,sapl_api,TRUE,0.9667,2023
PR,1998,54,40,61,0,alep_legislatura,TRUE,0.7407,1999
PR,2002,54,39,62,0,alep_legislatura,TRUE,0.7222,2003
PR,2006,54,39,59,0,alep_legislatura,TRUE,0.7222,2007
PR,2010,54,42,57,0,alep_legislatura,TRUE,0.7778,2011
PR,2014,54,47,59,0,alep_legislatura,TRUE,0.8704,2015
PR,2018,54,48,64,0,alep_legislatura,TRUE,0.8889,2019
PR,2022,54,50,59,0,alep_legislatura,TRUE,0.9259,2023
RJ,1998,70,0,,,,FALSE,0,1999
RJ,2002,70,0,,,,FALSE,0,2003
RJ,2006,70,0,,,,FALSE,0,2007
RJ,2010,70,0,,,,FALSE,0,2011
RJ,2014,70,60,91,0,alerj_quemsao,TRUE,0.8571,2015
RJ,2018,70,61,94,0,alerj_quemsao,TRUE,0.8714,2019
RJ,2022,70,64,91,0,alerj_quemsao,TRUE,0.9143,2023
RN,1998,24,0,,,,FALSE,0,1999
RN,2002,24,0,,,,FALSE,0,2003
RN,2006,24,0,,,,FALSE,0,2007
RN,2010,24,0,,,,FALSE,0,2011
RN,2014,24,0,,,,FALSE,0,2015
RN,2018,24,0,,,,FALSE,0,2019
RN,2022,24,0,,,,FALSE,0,2023
RO,1998,24,18,28,28,sapl_api,TRUE,0.75,1999
RO,2002,24,22,24,24,sapl_api,TRUE,0.9167,2003
RO,2006,24,22,34,34,sapl_api,TRUE,0.9167,2007
RO,2010,24,20,35,35,sapl_api,TRUE,0.8333,2011
RO,2014,24,16,37,37,sapl_api,TRUE,0.6667,2015
RO,2018,24,24,34,25,sapl_api,TRUE,1,2019
RO,2022,24,23,26,25,sapl_api,TRUE,0.9583,2023
RR,1998,24,22,27,24,sapl_api,TRUE,0.9167,1999
RR,2002,24,21,28,26,sapl_api,TRUE,0.875,2003
RR,2006,24,22,27,25,sapl_api,TRUE,0.9167,2007
RR,2010,24,23,27,25,sapl_api,TRUE,0.9583,2011
RR,2014,24,22,28,28,sapl_api,TRUE,0.9167,2015
RR,2018,24,23,29,28,sapl_api,TRUE,0.9583,2019
RR,2022,24,24,25,24,sapl_api,TRUE,1,2023
RS,1998,55,0,,,,FALSE,0,1999
RS,2002,55,0,,,,FALSE,0,2003
RS,2006,55,0,,,,FALSE,0,2007
RS,2010,55,0,,,,FALSE,0,2011
RS,2014,55,0,,,,FALSE,0,2015
RS,2018,55,0,,,,FALSE,0,2019
RS,2022,55,0,,,,FALSE,0,2023
SC,1998,40,0,,,,FALSE,0,1999
SC,2002,40,0,,,,FALSE,0,2003
SC,2006,40,0,,,,FALSE,0,2007
SC,2010,40,0,,,,FALSE,0,2011
SC,2014,40,0,,,,FALSE,0,2015
SC,2018,40,0,,,,FALSE,0,2019
SC,2022,40,0,,,,FALSE,0,2023
SE,1998,24,0,,,,FALSE,0,1999
SE,2002,24,0,,,,FALSE,0,2003
SE,2006,24,0,,,,FALSE,0,2007
SE,2010,24,0,,,,FALSE,0,2011
SE,2014,24,0,,,,FALSE,0,2015
SE,2018,24,0,,,,FALSE,0,2019
SE,2022,24,0,,,,FALSE,0,2023
SP,1998,94,68,115,0,alesp_relacao_legislaturas,TRUE,0.7234,1999
SP,2002,94,73,111,0,alesp_relacao_legislaturas,TRUE,0.7766,2003
SP,2006,94,82,115,0,alesp_relacao_legislaturas,TRUE,0.8723,2007
SP,2010,94,82,113,0,alesp_relacao_legislaturas,TRUE,0.8723,2011
SP,2014,94,76,116,0,alesp_relacao_legislaturas,TRUE,0.8085,2015
SP,2018,94,83,107,0,alesp_relacao_legislaturas,TRUE,0.883,2019
SP,2022,94,82,104,0,alesp_relacao_legislaturas,TRUE,0.8723,2023
TO,1998,24,0,,,,FALSE,0,1999
TO,2002,24,0,1,1,sapl_api,TRUE,0,2003
TO,2006,24,0,,,,FALSE,0,2007
TO,2010,24,0,,,,FALSE,0,2011
TO,2014,24,0,,,,FALSE,0,2015
TO,2018,24,24,29,28,sapl_api,TRUE,1,2019
TO,2022,24,24,27,24,sapl_api,TRUE,1,2023
