"idx","julgamento","nota","julgamento_automatico","justificativa","estrato","uf","sg_ue","ano_eleicao","nome_fonte","papel","causa","tipo_evento","data_evento","data_retorno","titular_nome","id_mandato_titular","confianca","url","observacao"
"1","","","certo","licenca maternidade 06/01/2020 lida como titular_saiu; fim 03/07/2020 no texto nao capturado (sem marcador de retorno)","com_data_interregno_temporario","PR","74330","2016","TATIANE GEÓRGIA MARTINEZ SERESSUELA","titular_saiu","licenca_maternidade","interregno_temporario","2020-01-06",NA,NA,NA,"media","https://sapl.marilandiadosul.pr.leg.br/api/parlamentares/mandato/150/","Licença Maternidade de 180 (cento e oitenta) dias para a vereadora Tatiane Georgia Martinez Seressuela – matricula 102, de 06 de janeiro de 2020 a 03 de julho de 2020"
"2","","","parcial","papel, causa e tipo certos; data_evento 01/01/1997 e a posse, a licenca comeca em 17/02/1999","com_data_interregno_temporario","PR","76830","1996","Moacir Luiz Froehlich","titular_saiu","licenca_sem_causa","interregno_temporario","1997-01-01",NA,NA,NA,"media","https://sapl.marechalcandidorondon.pr.leg.br/api/parlamentares/mandato/63/","Exerceu o mandato de Vereador no período entre (01/01/1997 - 31/12/2000). 
Solicitou licença no período entre (17/02/1999 - 03/04/2000), assumindo em seu lugar os suplentes: Germino Bresolin e Mario Adams."
"3","","","parcial","data e do 1o afastamento (01/01/2021, cargo na gestao municipal); causa 'particular' vem da 2a licenca; retorno 22/06/2022 nao lido","com_data_interregno_temporario","CE","15857","2020","Raphael Pessoa Mota","titular_saiu","licenca_particular","interregno_temporario","2021-01-01",NA,NA,NA,"media","https://sapl.maracanau.ce.leg.br/api/parlamentares/mandato/17/","O Vereador se licenciou em 1º de janeiro de 2021 para assumir cargo na gestão municipal, assumindo em seu lugar o suplente, Edízio Moreira da Silva, retornando da licença no dia 22/06/2022. O Vereador se licenciou novamente no dia 01/07/2022 para tratar de interesse particular, retornando ao mandato no dia 05/08/2022 e em seu lugar assumiu ao mandato o Sr. Wagner Nogueira da Silva Lima. O Vereador se licenciou novamente para tratar de assunto de interesse particular no dia 11/08/2022, assumindo em seu lugar o suplente Wagner Nogueira da Silva Lima."
"4","","","parcial","texto diz afastamento por ordem judicial, causa lida como afastamento sem causa (mesma forma); readmissao 28/08/2006 nao lida","com_data_interregno_temporario","RJ","58041","2004","DENIS DE SOUZA MACEDO","titular_saiu","afastamento_sem_causa","interregno_temporario","2006-08-14",NA,NA,NA,"media","https://sapl.belfordroxo.rj.leg.br/api/parlamentares/mandato/213/","O VEREADOR FOI AFASTADO TEMPORARIAMENTE POR ORDEM JUDICIAL EM 14/08/2006 ATRAVÉS DO ATO DA PRESIDÊNCIA Nº013/2006, PUBLICADO EM 18/08/2006 NO JORNAL HORA H.

O VEREADOR FOI READMITIDO NO EXERCÍCIO DO MANDATO POR ORDEM JUDICIAL EM 28/08/2006 ATRAVÉS DO ATO DA PRESIDÊNCIA Nº014/2006 PUBLICADO EM 29/08/2006."
"5","","","certo","suplente empossada em 03/01/2025 por licenca do titular para secretaria; titular Apollo Vicz nao capturado","com_data_interregno_temporario","CE","13897","2024","Raimunda Claudenira da Rocha Barros","suplente_assumiu","licenca_cargo_executivo","interregno_temporario","2025-01-03",NA,NA,NA,"media","https://sapl.fortaleza.ce.leg.br/api/parlamentares/mandato/592/","Vereadora tomou posse no dia 3 de Janeiro de 2025, em virtude da licença para assumir o cargo de Secretário Municipal de Proteção Animal do Vereador Apollo Vicz, por meio do Requerimento nº 149/2025.

Vereadora tomou posse no dia 26 de março de 2026, em virtude da licença para assumir o cargo de Secretário-Chefe do Gabinete do Prefeito, do Vereador Eudes Bringel, por meio do Requerimento nº 144/2025."
"6","","","parcial","'primeiro secretario da Mesa Diretora' lido como cargo executivo; a licenca de 19/05/1997 nao tem causa no texto (licenca_sem_causa)","com_data_interregno_temporario","MT","98310","1996","Jefferson Xavier Dutra","titular_saiu","licenca_cargo_executivo","interregno_temporario","1997-05-19",NA,NA,NA,"media","https://sapl.juina.mt.leg.br/api/parlamentares/mandato/84/","primeiro secretário Mesa Diretora 1999/2000
licenciado de 19/05/1997 a 09/06/1997
licenciado de 13/04/1997 a 18/05/1998
afastado do cargo de 29/11/1999"
"7","","","parcial","entrada do suplente em 06/01/1997 foi por licenca sem causa de Ernido Geis; 'particular' e licenca do proprio suplente; data e retorno 20/11/1999 certos","com_data_interregno_temporario","RS","85014","1996","Aldo Alberto Wilhelm","suplente_assumiu","licenca_particular","interregno_temporario","1997-01-06","1999-11-20",NA,NA,"media","https://sapl.agudo.rs.leg.br/api/parlamentares/mandato/26/","Assumiu o mandato em 06/01/1997 durante a licença do Ver. Ernido Geis; licenciou-se para tratar de assuntos de interesse particular de 01/01/1999 até 30/06/1999 e de 20/11/1999 até 31/12/1999; retornou à suplência, com o retorno do Ver. Ernido Geis, em 20/11/1999."
"8","","","errado","sem evento: '2o Secretario da Mesa Diretiva' lido como cargo executivo; 01/01/2021 e a posse","com_data_interregno_temporario","PR","76830","2020","Moacir Luiz Froehlich","titular_saiu","licenca_cargo_executivo","interregno_temporario","2021-01-01",NA,NA,NA,"media","https://sapl.marechalcandidorondon.pr.leg.br/api/parlamentares/mandato/214/","Atualmente, exerce o mandato de Vereador no período entre (01/01/2021 - 31/12/2024), de 2º Secretário da Mesa Diretiva e de Membro da Comissão de Obras e Serviços Públicos, biênio (2023 - 2024)."
"9","","","certo","afastou-se para Secretario Municipal de Governo em 10/03/2023","com_data_interregno_temporario","RN","16454","2020","Paulo Givago Barreto Alves","titular_saiu","licenca_cargo_executivo","interregno_temporario","2023-03-10",NA,NA,NA,"media","https://sapl.caraubas.rn.leg.br/api/parlamentares/mandato/22/","Afastou-se para exercer o cargo de Secretário Municipal de Governo dia 10/03/2023 através do Requerimento Nº 001/2023."
"10","","","parcial","licenca medica de 07/02 a 07/04/2025; data_evento 07/04/2025 e o fim (07/02 sem ano no texto)","com_data_interregno_temporario","MT","90689","2024","Daise Martins de Souza","titular_saiu","licenca_saude","interregno_temporario","2025-04-07",NA,NA,NA,"media","https://sapl.tapurah.mt.leg.br/api/parlamentares/mandato/98/","* Licença médica pelo período de 60 dias (07/02 a 07/04/2025), nos termos da Resolução nº 137/2025."
"11","","","parcial","data e do 1o afastamento (secretaria, 21/07/2022); causa judicial vem do 2o (29/05/2023)","com_data_interregno_temporario","SP","71218","2020","Carlos Eduardo de Jesus Oliveira","titular_saiu","afastamento_judicial","interregno_temporario","2022-07-21",NA,NA,NA,"media","https://sapl.saovicente.sp.leg.br/api/parlamentares/mandato/17/","Primeiro afastamento ocorreu quando vereador assumiu secretaria no poder executivo 21/07/2022.  
Segundo afastamento ocorreu por decisão judicial em 29/05/2023"
"12","","","parcial","entrada em 06/09/1999 por licenca de Nico Stefenon; 'particular' e licenca do proprio suplente","com_data_interregno_temporario","RS","85014","1996","Arnaldo Killian","suplente_assumiu","licenca_particular","interregno_temporario","1999-09-06",NA,NA,NA,"media","https://sapl.agudo.rs.leg.br/api/parlamentares/mandato/29/","Assumiu o mandato, durante licença do Ver. Nico Stefenon, de 06/09/1999 a 30/09/1999, e, durante licença do Ver. Léo Annunciação, de 01/10/1999 a 31/10/1999, licenciando-se, para tratar de assuntos interesse particular, de 01/10/1999 até 31/10/1999, quando retornou à suplência."
"13","","","certo","licenca para tratamento de saude 12/12/2013; retorno 26/12/2013 nao lido","com_data_interregno_temporario","RS","85014","2012","Cleber Emilio Cassel","titular_saiu","licenca_saude","interregno_temporario","2013-12-12",NA,NA,NA,"media","https://sapl.agudo.rs.leg.br/api/parlamentares/mandato/178/","Licenciou-se para tratamento de saúde de 12/12/2013 a 26/12/2013; assumiu o cargo de Vice-Presidente em 10/01/2014 em virtude da licença concedida ao Ver. João de Deus; licenciou-se para tratamento de saúde de 12/12/2016 a 13/12/2016."
"14","","","certo","suplente cumpriu mandato durante licenca dos titulares a partir de 06/08/2018","com_data_interregno_temporario","RS","85014","2016","Auro Reinoldo Kirinus","suplente_assumiu","licenca_sem_causa","interregno_temporario","2018-08-06",NA,NA,NA,"media","https://sapl.agudo.rs.leg.br/api/parlamentares/mandato/198/","Cumpriu mandato, durante licença concedida aos Vereadores Professor Mauro e Gelson Neuenschwander, 06/08/2018 a 30/08/2018, Rui Milbradt e Gelson Neuenschwander, de 02/09/2019 a 29/09/2019, Rui Milbradt, a partir de 18/05/2020 e até 30/06/2020,e Carlito Schiefelbein, de 30/11/2020 até 31/12/2020."
"15","","","certo","afastamento 16/01/2004 a 31/03/2004; fim nao lido","com_data_interregno_temporario","MG","42714","2000","José Ibraim Pereira","titular_saiu","afastamento_sem_causa","interregno_temporario","2004-01-16",NA,NA,NA,"media","https://sapl.careacu.mg.leg.br/api/parlamentares/mandato/178/","Período de afastamento: 16/01/2004 à 31/03/2004"
"16","","","certo","licenciou-se para Secretario Municipal em 16/05/2003","com_data_interregno_temporario","RO","00574","2000","José Barbosa Gonçalves","titular_saiu","licenca_cargo_executivo","interregno_temporario","2003-05-16",NA,NA,NA,"media","https://sapl.mirantedaserra.ro.leg.br/api/parlamentares/mandato/55/","Licenciou-se para Assunção de Mandato de Secretario Municipal em 16/05/2003"
"17","","","certo","licenca por interesse particular de 26/03/2010","com_data_interregno_temporario","RS","85014","2008","Rui Valdir Milbradt","titular_saiu","licenca_particular","interregno_temporario","2010-03-26",NA,NA,NA,"media","https://sapl.agudo.rs.leg.br/api/parlamentares/mandato/160/","Licenciou-se para tratar de assuntos de interesse particular de 26/03/2010 a 25/04/2010 e de 07/05/2010 a 05/06/2010."
"18","","","parcial","papel, causa e tipo certos; data_evento 01/01/2017 e a posse, a licenca comeca em 24/04/2019","com_data_interregno_temporario","PR","76830","2016","Arion Augusto Nardello Nasihgil","titular_saiu","licenca_particular","interregno_temporario","2017-01-01",NA,NA,NA,"media","https://sapl.marechalcandidorondon.pr.leg.br/api/parlamentares/mandato/46/","Exerceu o mandato de Vereador no período entre (01/01/2017 - 31/12/2020).
Solicitou licença no período entre (24/04/2019 - 24/05/2019), para tratar de interesses particulares, assumindo em seu lugar a suplente Maria Amália Ritt Haab, conforme (Ato da Mesa n.º 15/2019)."
"19","","","errado","cassacao e do prefeito Felipe Naufel; o vereador assumiu a prefeitura em 08/02/2020 e voltou em 08/07/2020: interregno por cargo executivo, nao fim de mandato","com_data_fim_de_mandato","SP","67113","2016","Elias de Sisto","titular_saiu","cassacao","fim_de_mandato","2020-02-08","2020-07-08",NA,NA,"media","https://sapl.mococa.sp.leg.br/api/parlamentares/mandato/31/","Após a cassação do mandato de Prefeito Municipal do Sr. Felipe Niero Naufel em 8 de fevereiro de 2020, e ocorrida a dupla vacância, conforme o art. 54, § 2º, da Lei Orgânica Municipal (Redação dada pela Emenda nº 01/2018), o Presidente da Câmara Elias de Sisto, eleito para o biênio 2019/2020, foi empossado no cargo de Prefeito Municipal para cumprir o restante do mandato 2017/2020.
Devido a decisão judicial, o Prefeito cassado Felipe Niero Naufel retornou ao cargo em 08/07/2020, e Elias de Sisto retornou ao cargo de Vereador e Presidente da Câmara Municipal."
"20","","","certo","suplente assumiu em 14/02/2000 pela renuncia de Beatriz Franco; titular nao capturado","com_data_fim_de_mandato","GO","92851","1996","JUCELINO NUNES DA SILVA","suplente_assumiu","renuncia","fim_de_mandato","2000-02-14",NA,NA,NA,"media","https://sapl.cacu.go.leg.br/api/parlamentares/mandato/86/","ASSUMIU O MANDATO DEVIDO A RENÚNCIA DA VEREADORA BEATRIZ FRANCO, EM 14/02/2000."
"21","","","errado","a renuncia e do 1o suplente Davi Dias Reis; o titular saiu em 05/01/2026 para secretaria com retorno requerido em 01/08/2026: interregno por cargo executivo","com_data_fim_de_mandato","TO","73385","2024","Valmir Pereira Cardoso","titular_saiu","renuncia","fim_de_mandato","2026-01-05",NA,NA,NA,"media","https://sapl.lagoadaconfusao.to.leg.br/api/parlamentares/mandato/110/","“Saiu em 05/01/2026, conforme Requerimento nº 01/2026, para assumir cargo no governo municipal, de Secretário Municipal de Articulação Política, sendo substituído pela parlamentar NÚBIA MARIA SOARES DE SOUZA, em razão da renúncia formal do 1° suplente Davi Dias Reis.” 

OFÍCIO N° 001/2026 requerimento formal do Vereador pra retornar suas atividades a partir de 01/08/2026."
"22","","","certo","renuncia por oficio a partir de 01/07/2023","com_data_fim_de_mandato","SP","65030","2020","Luan Soares da Silva","titular_saiu","renuncia","fim_de_mandato","2023-07-01",NA,NA,NA,"media","https://sapl.igarapava.sp.leg.br/api/parlamentares/mandato/8/","Renúncia solicitada por ofício a partir de 01/07/2023"
"23","","","certo","faleceu em 14/11/2006","com_data_fim_de_mandato","ES","56111","2004","Lucas Baioco","titular_saiu","falecimento","fim_de_mandato","2006-11-14",NA,NA,NA,"media","https://sapl.aracruz.es.leg.br/api/parlamentares/mandato/59/","Faleceu em 14/11/2006."
"24","","","errado","registro e do suplente que tomou posse (12/08/2021 por licenca de Guilherme Sampaio); papel titular_saiu e fim_de_mandato por renuncia vem da 3a posse (Larissa Gaspar, 01/02/2023)","com_data_fim_de_mandato","CE","13897","2020","Vicente de Paulo Pinto da Costa","titular_saiu","renuncia","fim_de_mandato","2021-08-12",NA,NA,NA,"media","https://sapl.fortaleza.ce.leg.br/api/parlamentares/mandato/520/","Vereador tomou posse no dia 12 de Agosto de 2021 em virtude da licença para assumir o cargo de Deputado Estadual do Ceará, na condição de suplente, do Vereador Guilherme Sampaio, por meio de Requerimento nº 5.295/2021.

Vereador tomou posse no dia 7 de Dezembro de 2021, em virtude da licença por interesse particular do Vereador Ronivaldo Maia, por meio do Requerimento nº 7.792/2021.

Vereador tomou posse no dia 1º de Fevereiro de 2023 em virtude da renúncia da Vereadora Larissa Gaspar, por meio do protocolo nº 131/2023."
"25","","","parcial","renuncia sustentada, mas em 30/06/2008; data_evento 19/05/2005 e o inicio da licenca para secretaria","com_data_fim_de_mandato","PR","76830","2004","Valdir Sachser","titular_saiu","renuncia","fim_de_mandato","2005-05-19",NA,NA,NA,"media","https://sapl.marechalcandidorondon.pr.leg.br/api/parlamentares/mandato/71/","Solicitou licença no período entre (19/05/2005 - 04/12/2006), para exercer o cargo de Secretário Municipal de Governo, assumindo em seu lugar a suplente: Eliete Aparecida Pedro Wasem.
Renunciou ao mandato de Vereador em (30/06/2008), para disputar a eleição como Vice-Prefeito."
"26","","","parcial","renuncia sustentada, mas em 20/07/2020; data_evento 22/06/2018 e o inicio de uma licenca de saude","com_data_fim_de_mandato","RS","85014","2016","Rui Valdir Milbradt","titular_saiu","renuncia","fim_de_mandato","2018-06-22",NA,NA,NA,"media","https://sapl.agudo.rs.leg.br/api/parlamentares/mandato/189/","Licenciou-se para tratamento de saúde de 22/06/2018 até 21/08/2018 e para tratar de interesse particular de 31/08/2019 a 29/09/2019, de 18/05/2020 a 30/06/2020 e de 14/07/2020 a 31/08/2020, renunciou a mandato em 20/07/2020."
"27","","","parcial","suplente empossado por licenca de Talles Barreiros; a data 08/09/2015 no texto refere-se a desfiliacao do 2o suplente, a posse nao e datada","com_data_afastamento_sem_retorno_observado","RJ","58572","2012","José Hermínio Filho","suplente_assumiu","licenca_sem_causa","afastamento_sem_retorno_observado","2015-09-08",NA,NA,NA,"media","https://sapl.miguelpereira.rj.leg.br/api/parlamentares/mandato/181/","Empossado pela licença do vereador sr. Talles Tavares Barreiros, tendo em vista que o 1° suplente não teve interesse e o 2° suplente desfiliou-se do partido em 08 de setembro de 2015."
"28","","","errado","o texto declara a extincao do mandato (suspensao, art. 15 III CF): fim de mandato, nao afastamento sem retorno; data 17/08/2023 certa","com_data_afastamento_sem_retorno_observado","MS","91235","2020","JOÃO LUIZ SALTOR DAN","titular_saiu","afastamento_sem_causa","afastamento_sem_retorno_observado","2023-08-17",NA,NA,NA,"media","https://sapl.novaandradina.ms.leg.br/api/parlamentares/mandato/23/","Afastado a partir de 17/08/2023, em virtude da Suspensão do mandato
Ato 04 de 31 de julho de 2023, no qual nos moldes do disposto no art. 15, III, da CF/88, no art. 8º, I, e §§1º e 2º, do Decreto Lei n. 201/67, art. 41, VI, §3º, da LOM e art. 249, I, do Regimento Interno da Câmara de Vereadores de Nova Andradina, fica declarada a extinção do mandato eletivo (2021-2024) do Vereador JOÃO LUIZ SALTOR DAN."
"29","","","parcial","licenca da titular Valdete Savaris 'por motivo de doenca' e licenca de saude, lida como sem causa; posse do suplente 12/09/2018 certa; titular nao capturada","com_data_afastamento_sem_retorno_observado","RO","00132","2016","Israel Maciel de Souza","suplente_assumiu","licenca_sem_causa","afastamento_sem_retorno_observado","2018-09-12",NA,NA,NA,"media","https://sapl.vilhena.ro.leg.br/api/parlamentares/mandato/22/","A vereadora Valdete Savaris pediu licença por 90 dias, por motivo de doença. Com isso, o suplente Israel assumiu a função em 12 de setembro de 2018, conforme Termo de Posse nº 76."
"30","","","parcial","suplente assumiu 07/08/2023 a 31/08/2023 durante licenca de Nice Soares; a saida 31/08/2023 esta no texto e o tipo deveria ser interregno temporario","com_data_afastamento_sem_retorno_observado","RS","85014","2020","João de Deus","suplente_assumiu","licenca_sem_causa","afastamento_sem_retorno_observado","2023-08-07",NA,NA,NA,"media","https://sapl.agudo.rs.leg.br/api/parlamentares/mandato/218/","Assumiu mandato de 07/08/2023 a 31/08/2023 durante licença da Verª Nice Soares."
"31","","","certo","suplente tomou posse em 06/11/2025 por licenca de interesse particular de Wellington Saboia; titular nao capturado","com_data_afastamento_sem_retorno_observado","CE","13897","2024","Brena Dayane da Costa Abreu","suplente_assumiu","licenca_particular","afastamento_sem_retorno_observado","2025-11-06",NA,NA,NA,"media","https://sapl.fortaleza.ce.leg.br/api/parlamentares/mandato/610/","Vereadora tomou posse no dia 6 de novembro de 2025, em virtude da licença por interesse particular do Vereador Wellington Sabóia, por meio do Requerimento nº 8669/2025.

Vereadora tomou posse no dia 22 de dezembro de 2025, em virtude da licença para investidura no cargo de Presidente do PROCON do Vereador Wellington Sabóia, por meio do ofício nº 87/2025 (Protocolo Cmfor360 nº 575/2025)."
"32","","","certo","suplente assumiu substituindo Marcio Pavoni em 29/11/2019; a 1a substituicao (11/01/2018) tem data malformada no texto","confianca_baixa","RS","86371","2016","ANGÉLICA BRIGIDA BURY","suplente_assumiu",NA,NA,"2019-11-29",NA,"MARCIO PAVONI",NA,"baixa","https://sapl.erechim.rs.leg.br/api/parlamentares/mandato/525/","Suplente de Vereador tendo assumido o Cargo de Vereadora na Sessão Plenária Extraordinária de 11/012018, substituindo o Vereador Márcio Pavoni, e na Sessão Solene de 29/11/2019, substituindo o Vereador Márcio Pavoni."
"33","","","certo","vereadora cassada, sem data no texto","confianca_baixa","MS","91413","2012","Lucineide Marques Nossa","titular_saiu","cassacao","fim_de_mandato",NA,NA,NA,NA,"baixa","https://sapl.ribasdoriopardo.ms.leg.br/api/parlamentares/mandato/153/","Vereadora cassada, assumindo o cargo o Vereador Douglas da Silva"
"34","","","parcial","suspensao cautelar das funcoes e afastamento judicial, lido como afastamento sem causa (mesma forma); sem data","confianca_baixa","PA","04707","2020","Zilmar Costa Aguiar Junior","titular_saiu","afastamento_sem_causa","interregno_temporario",NA,NA,NA,NA,"baixa","https://sapl.canaadoscarajas.pa.leg.br/api/parlamentares/mandato/73/","Vereador esta afastado do mandato em virtude da Suspensão Cautelar das funções públicas com o consequente afastamento do cargo publico de Vereador."
"35","","","errado","sem evento: 'segundo secretario da Mesa Diretora' lido como licenca para cargo executivo","confianca_baixa","MT","98310","1996","Francisco de Assis Pedroso ","titular_saiu","licenca_cargo_executivo","interregno_temporario",NA,NA,NA,NA,"baixa","https://sapl.juina.mt.leg.br/api/parlamentares/mandato/82/","segundo secretário da Mesa Diretora 1997/1998"
"36","","","parcial","data 03/04/2023 certa; texto diz posse como suplente e a regra nao leu papel nem causa","confianca_baixa","PR","76473","2020","MAURÍLIO MARTIELHO",NA,NA,NA,"2023-04-03",NA,NA,NA,"baixa","https://sapl.jataizinho.pr.leg.br/api/parlamentares/mandato/62/","tomo posse como suplente em 03/04/2023 na 9a. Sessão Ordinária."
"37","","","parcial","data 04/02/2013 e titular Joel Sevarolli certos; papel suplente_assumiu nao lido ('substituindo Joel' sem artigo); saida em 01/04/2016 no texto","confianca_baixa","MG","49891","2012","Synval Rodrigues da Costa",NA,NA,NA,"2013-02-04",NA,"JOEL ORLANDO SEVAROLLI","M2012_49891_13_11601_130000001128","baixa","https://sapl.pequeri.mg.leg.br/api/parlamentares/mandato/92/","No dia 04/02/2013, ficou empossado o cargo de Vereador, substituindo Joel Orlando Sevarolli, por tempo indeterminado.

No dia 01/04/2016, teve sua saída, ficando empossado Joel Orlando Sevarolli, até o final do mandato."
"38","","","parcial","data 02/05/2023 certa; titular assumiu diretoria no Executivo (licenca para cargo executivo) e a regra nao leu papel nem causa","confianca_baixa","PR","74721","2020","AUGUSTO DE SOUZA CAMPOS",NA,NA,NA,"2023-05-02",NA,NA,NA,"baixa","https://sapl.ranchoalegredoeste.pr.leg.br/api/parlamentares/mandato/5/","O vereador assumiu o cargo de Diretor do Departamento de Cultura do município de Rancho Alegre D’Oeste, Estado do Paraná, na data de 02/05/2023 abrindo vaga para o suplente ANDERSON LUIZ BORGO, em virtude da declaração de impossibilidade do suplente ANDERSON LUIZ BORGO em assumir o cargo de vereador, tendo em vista já ocupar cargo de chefia no Poder Executivo Municipal, fica convocado o Sr. GASPAR SOARES DE MELO para assumir a vaga."
"39","","","certo","licenca por motivo de saude (maternidade); sem data no texto","confianca_baixa","CE","13552","2020","Priscila Rena Holanda Magalhaes","titular_saiu","licenca_saude","interregno_temporario",NA,NA,NA,NA,"baixa","https://sapl.caninde.ce.leg.br/api/parlamentares/mandato/38/","A Vereadora se licenciou por motivo de saúde (maternidade) e aí m seu lugar assumiu o Vereador Professor Junior Mello"
"40","","","parcial","data 13/01/2020 certa; vereador na chefia do Executivo de 13 a 31/01/2020 (interregno por cargo executivo) sem papel nem causa lidos","confianca_baixa","RS","85014","2016","Itamar José Puntel",NA,NA,NA,"2020-01-13",NA,NA,NA,"baixa","https://sapl.agudo.rs.leg.br/api/parlamentares/mandato/186/","Está na chefia do Poder Executivo entre 13/01/2020 e 31/01/2020."
"41","","","certo","suplente empossado para o periodo de licenca de Gastao Pinto Pires Filho; sem data; titular nao capturado","confianca_baixa","RJ","58572","2004","Raul Araujo","suplente_assumiu","licenca_sem_causa","interregno_temporario",NA,NA,NA,NA,"baixa","https://sapl.miguelpereira.rj.leg.br/api/parlamentares/mandato/176/","Empossado para o período de licença do Vereador Gastão Pinto Pires Filho."
"42","","","certo","texto sem evento (eleito para a legislatura 2025-2028)","nao_classificada","PI","10669","2024","Jorge Luis da Silva",NA,NA,NA,NA,NA,NA,NA,"nula","https://sapl.boahora.pi.leg.br/api/parlamentares/mandato/6/","Vereador eleito nas Eleições Municipais de 2024 para a Legislatura 2025–2028."
"43","","","certo","texto sem evento (rotulo '2o Suplente')","nao_classificada","MT","98850","2020","ADVENTINO LOPES GONÇALVES",NA,NA,NA,NA,NA,NA,NA,"nula","https://sapl.portoalegredonorte.mt.leg.br/api/parlamentares/mandato/33/","2º Suplente"
"44","","","parcial","substituicao de Sebastiao Luiz Alves narrada sem data nem causa; por desenho a regra nao gera evento sem causa ou data","nao_classificada","PR","74063","2020","NARA REGINA ALVES FUSCO",NA,NA,NA,NA,NA,NA,NA,"nula","https://sapl.ouroverdedooeste.pr.leg.br/api/parlamentares/mandato/41/","(Substituindo SEBASTIÃO LUIZ ALVES)"
"45","","","parcial","retorno do titular Julio Cesar Moraes Gontijo narrado sem data nem causa","nao_classificada","MG","42854","2008","Inimá de Deus Vieira",NA,NA,NA,NA,NA,NA,NA,"nula","https://sapl.carmodoparanaiba.mg.leg.br/api/parlamentares/mandato/15/","Retorno do titular do cargo: Vereador Julio Cesar Moraes Gontijo"
"46","","","certo","texto sem evento (partido)","nao_classificada","AM","02275","2008","AMARILDO PAIVA DE SOUZA",NA,NA,NA,NA,NA,NA,NA,"nula","https://sapl.codajas.am.leg.br/api/parlamentares/mandato/28/","Pelo partido PSB"
"47","","","certo","texto sem evento (perfil: profissao, partido, votos)","nao_classificada","PE","24333","2020","Gilvan Marinho Pontes",NA,NA,NA,NA,NA,NA,NA,"nula","https://sapl.ibirajuba.pe.leg.br/api/parlamentares/mandato/5/","Fisioterapeuta e Terapeuta Ocupacional
   Republicanos 
   Votos 246   -   Mandato 2021 - 2024 
   Superior completo"
"48","","","errado","falso negativo: assumiu no lugar de Eliane Novais, eleita deputada estadual; a causa (posse em outro cargo) esta fora do vocabulario da regra e a titular esta nomeada","nao_classificada","CE","13897","2008","Francisco Antônio Martins Nogueira",NA,NA,NA,NA,NA,NA,NA,"nula","https://sapl.fortaleza.ce.leg.br/api/parlamentares/mandato/32/","O Vereador assumiu ao mandato no lugar da Vereadora Eliane Novais que foi eleita Deputada Estadual."
"49","","","parcial","suplencia de Pedro Alessandro Alves Nascimento narrada sem data nem causa","nao_classificada","MT","91081","2008","Lourival Lacerda de Lima",NA,NA,NA,NA,NA,NA,NA,"nula","https://sapl.ipirangadonorte.mt.leg.br/api/parlamentares/mandato/47/","Lourival Lacerda de Lima atuou como legislador suplente de Pedro Alessandro Alves Nascimento."
"50","","","parcial","assumiu a vaga de Francisco Pereira Lima sem data nem causa","nao_classificada","PA","05770","2000","Arilton Silva Souza",NA,NA,NA,NA,NA,NA,NA,"nula","https://sapl.medicilandia.pa.leg.br/api/parlamentares/mandato/71/","Suplente. Assumiu a vaga do Senhor Francisco Pereira Lima."
"51","","","certo","texto sem evento (Presidente da Mesa Diretora 2000/2001)","nao_classificada","MT","98310","2000","Dorildes Fortunato Armeliato",NA,NA,NA,NA,NA,NA,NA,"nula","https://sapl.juina.mt.leg.br/api/parlamentares/mandato/105/","Presidente da Mesa Diretora 2000/2001"
