grupo,uf,sg_ue,nome,dominio,n_leg_inventario,n_legislatura_json,n_parlamentar_json,n_mandato_json,n_arquivos_html,n_caracteres_texto_html,n_nomes_recuperados,diagnostico,evidencia
"A_sapl3_cache_api","AC","01015","Capixaba","sapl.capixaba.ac.leg.br",0,0,0,0,NA,NA,0,"vazio_na_origem_instancia_sem_legislatura","json valido e vazio; n_legislaturas do inventario medido na descoberta"
"A_sapl3_cache_api","AC","01031","Santa Rosa do Purus","sapl.santarosadopurus.ac.leg.br",0,0,0,0,NA,NA,0,"vazio_na_origem_instancia_sem_legislatura","json valido e vazio; n_legislaturas do inventario medido na descoberta"
"A_sapl3_cache_api","AC","01066","Porto Walter","sapl.portowalter.ac.leg.br",0,0,0,0,NA,NA,0,"vazio_na_origem_instancia_sem_legislatura","json valido e vazio; n_legislaturas do inventario medido na descoberta"
"A_sapl3_cache_api","AC","01074","Cruzeiro do Sul","sapl.cruzeirodosul.ac.leg.br",0,0,0,0,NA,NA,0,"vazio_na_origem_instancia_sem_legislatura","json valido e vazio; n_legislaturas do inventario medido na descoberta"
"A_sapl3_cache_api","AC","01082","Rodrigues Alves","sapl.rodriguesalves.ac.leg.br",0,0,0,0,NA,NA,0,"vazio_na_origem_instancia_sem_legislatura","json valido e vazio; n_legislaturas do inventario medido na descoberta"
"A_sapl3_cache_api","AC","01104","Jordão","sapl.jordao.ac.leg.br",0,0,0,0,NA,NA,0,"vazio_na_origem_instancia_sem_legislatura","json valido e vazio; n_legislaturas do inventario medido na descoberta"
"A_sapl3_cache_api","AC","01457","Sena Madureira","sapl.senamadureira.ac.leg.br",0,0,0,0,NA,NA,0,"vazio_na_origem_instancia_sem_legislatura","json valido e vazio; n_legislaturas do inventario medido na descoberta"
"A_sapl3_cache_api","AC","01511","Plácido de Castro","sapl.placidodecastro.ac.leg.br",0,0,0,0,NA,NA,0,"vazio_na_origem_instancia_sem_legislatura","json valido e vazio; n_legislaturas do inventario medido na descoberta"
"A_sapl3_cache_api","AC","01554","Manoel Urbano","sapl.manoelurbano.ac.leg.br",0,0,0,0,NA,NA,0,"vazio_na_origem_instancia_sem_legislatura","json valido e vazio; n_legislaturas do inventario medido na descoberta"
"A_sapl3_cache_api","AM","02054","Atalaia do Norte","sapl.atalaiadonorte.am.leg.br",0,0,0,0,NA,NA,0,"vazio_na_origem_instancia_sem_legislatura","json valido e vazio; n_legislaturas do inventario medido na descoberta"
"A_sapl3_cache_api","AM","02151","Boca do Acre","sapl.bocadoacre.am.leg.br",0,0,0,0,NA,NA,0,"vazio_na_origem_instancia_sem_legislatura","json valido e vazio; n_legislaturas do inventario medido na descoberta"
"A_sapl3_cache_api","AM","02232","Careiro","sapl.careiro.am.leg.br",0,0,0,0,NA,NA,0,"vazio_na_origem_instancia_sem_legislatura","json valido e vazio; n_legislaturas do inventario medido na descoberta"
"A_sapl3_cache_api","AM","02356","Humaitá","sapl.humaita.am.leg.br",0,0,0,0,NA,NA,0,"vazio_na_origem_instancia_sem_legislatura","json valido e vazio; n_legislaturas do inventario medido na descoberta"
"A_sapl3_cache_api","AM","02372","Santa Isabel do Rio Negro","sapl.santaisabeldorionegro.am.leg.br",0,0,1,0,NA,NA,1,"vazio_na_origem_instancia_sem_legislatura","json valido e vazio; n_legislaturas do inventario medido na descoberta"
"A_sapl3_cache_api","AM","02550","Manaus","sapl.manaus.am.leg.br",0,0,0,0,NA,NA,0,"vazio_na_origem_instancia_sem_legislatura","json valido e vazio; n_legislaturas do inventario medido na descoberta"
"A_sapl3_cache_api","AM","02712","Pauini","sapl.pauini.am.leg.br",0,0,0,0,NA,NA,0,"vazio_na_origem_instancia_sem_legislatura","json valido e vazio; n_legislaturas do inventario medido na descoberta"
"A_sapl3_cache_api","AM","02852","Urucará","sapl.urucara.am.leg.br",0,0,0,0,NA,NA,0,"vazio_na_origem_instancia_sem_legislatura","json valido e vazio; n_legislaturas do inventario medido na descoberta"
"A_sapl3_cache_api","AM","02895","Alvarães","sapl.alvaraes.am.leg.br",0,0,0,0,NA,NA,0,"vazio_na_origem_instancia_sem_legislatura","json valido e vazio; n_legislaturas do inventario medido na descoberta"
"A_sapl3_cache_api","AM","98434","Rio Preto da Eva","sapl.riopretodaeva.am.leg.br",0,0,0,0,NA,NA,0,"vazio_na_origem_instancia_sem_legislatura","json valido e vazio; n_legislaturas do inventario medido na descoberta"
"A_sapl3_cache_api","AP","06009","Pracuúba","sapl.pracuuba.ap.leg.br",0,0,0,0,NA,NA,0,"vazio_na_origem_instancia_sem_legislatura","json valido e vazio; n_legislaturas do inventario medido na descoberta"
"A_sapl3_cache_api","AP","06084","Pedra Branca do Amapari","sapl.pedrabrancadoamapari.ap.leg.br",0,0,0,0,NA,NA,0,"vazio_na_origem_instancia_sem_legislatura","json valido e vazio; n_legislaturas do inventario medido na descoberta"
"A_sapl3_cache_api","AP","06106","Serra do Navio","sapl.serradonavio.ap.leg.br",0,0,0,0,NA,NA,0,"vazio_na_origem_instancia_sem_legislatura","json valido e vazio; n_legislaturas do inventario medido na descoberta"
"A_sapl3_cache_api","AP","06130","Laranjal do Jari","sapl.laranjaldojari.ap.leg.br",2,2,0,0,NA,NA,0,"vazio_na_origem_legislatura_sem_parlamentar","json valido e vazio; n_legislaturas do inventario medido na descoberta"
"A_sapl3_cache_api","BA","30872","Dias d'Ávila","sapl.diasdavila.ba.leg.br",0,0,0,0,NA,NA,0,"vazio_na_origem_instancia_sem_legislatura","json valido e vazio; n_legislaturas do inventario medido na descoberta"
"A_sapl3_cache_api","BA","30953","Guajeru","sapl.guajeru.ba.leg.br",0,0,0,0,NA,NA,0,"vazio_na_origem_instancia_sem_legislatura","json valido e vazio; n_legislaturas do inventario medido na descoberta"
"A_sapl3_cache_api","BA","33138","Alagoinhas","sapl.alagoinhas.ba.leg.br",0,0,0,0,NA,NA,0,"vazio_na_origem_instancia_sem_legislatura","json valido e vazio; n_legislaturas do inventario medido na descoberta"
"A_sapl3_cache_api","BA","33154","Alcobaça","sapl.alcobaca.ba.leg.br",0,0,0,0,NA,NA,0,"vazio_na_origem_instancia_sem_legislatura","json valido e vazio; n_legislaturas do inventario medido na descoberta"
"A_sapl3_cache_api","BA","33537","Barra","sapl.barra.ba.leg.br",0,0,0,0,NA,NA,0,"vazio_na_origem_instancia_sem_legislatura","json valido e vazio; n_legislaturas do inventario medido na descoberta"
"A_sapl3_cache_api","BA","33618","Barra do Rocha","sapl.barradorocha.ba.leg.br",0,0,0,0,NA,NA,0,"vazio_na_origem_instancia_sem_legislatura","json valido e vazio; n_legislaturas do inventario medido na descoberta"
"A_sapl3_cache_api","BA","33812","Boquira","sapl.boquira.ba.leg.br",0,0,0,0,NA,NA,0,"vazio_na_origem_instancia_sem_legislatura","json valido e vazio; n_legislaturas do inventario medido na descoberta"
"A_sapl3_cache_api","BA","34029","Caetanos","sapl.caetanos.ba.leg.br",0,0,0,0,NA,NA,0,"vazio_na_origem_instancia_sem_legislatura","json valido e vazio; n_legislaturas do inventario medido na descoberta"
"A_sapl3_cache_api","BA","34053","Cafarnaum","sapl.cafarnaum.ba.leg.br",0,0,0,0,NA,NA,0,"vazio_na_origem_instancia_sem_legislatura","json valido e vazio; n_legislaturas do inventario medido na descoberta"
"A_sapl3_cache_api","BA","34070","Cairu","sapl.cairu.ba.leg.br",0,0,0,0,NA,NA,0,"vazio_na_origem_instancia_sem_legislatura","json valido e vazio; n_legislaturas do inventario medido na descoberta"
"A_sapl3_cache_api","BA","34975","Curaçá","sapl.curaca.ba.leg.br",0,0,0,0,NA,NA,0,"vazio_na_origem_instancia_sem_legislatura","json valido e vazio; n_legislaturas do inventario medido na descoberta"
"A_sapl3_cache_api","BA","35998","Itacaré","sapl.itacare.ba.leg.br",0,0,0,0,NA,NA,0,"vazio_na_origem_instancia_sem_legislatura","json valido e vazio; n_legislaturas do inventario medido na descoberta"
"A_sapl3_cache_api","BA","37150","Maraú","sapl.marau.ba.leg.br",0,0,0,0,NA,NA,0,"vazio_na_origem_instancia_sem_legislatura","json valido e vazio; n_legislaturas do inventario medido na descoberta"
"A_sapl3_cache_api","BA","38296","Riacho de Santana","sapl.riachodesantana.ba.leg.br",0,0,0,0,NA,NA,0,"vazio_na_origem_instancia_sem_legislatura","json valido e vazio; n_legislaturas do inventario medido na descoberta"
"A_sapl3_cache_api","CE","13455","Bela Cruz","sapl.belacruz.ce.leg.br",0,0,0,0,NA,NA,0,"vazio_na_origem_instancia_sem_legislatura","json valido e vazio; n_legislaturas do inventario medido na descoberta"
"A_sapl3_cache_api","CE","13480","Itaitinga","sapl.itaitinga.ce.leg.br",9,9,0,0,NA,NA,0,"vazio_na_origem_legislatura_sem_parlamentar","json valido e vazio; n_legislaturas do inventario medido na descoberta"
"A_sapl3_cache_api","CE","14630","Mauriti","sapl.mauriti.ce.leg.br",0,0,0,0,NA,NA,0,"vazio_na_origem_instancia_sem_legislatura","json valido e vazio; n_legislaturas do inventario medido na descoberta"
"A_sapl3_cache_api","CE","14699","Missão Velha","sapl.missaovelha.ce.leg.br",0,0,0,0,NA,NA,0,"vazio_na_origem_instancia_sem_legislatura","json valido e vazio; n_legislaturas do inventario medido na descoberta"
"A_sapl3_cache_api","CE","14958","Pacatuba","sapl.pacatuba.ce.leg.br",0,0,0,0,NA,NA,0,"vazio_na_origem_instancia_sem_legislatura","json valido e vazio; n_legislaturas do inventario medido na descoberta"
"A_sapl3_cache_api","CE","15814","Várzea Alegre","sapl.varzeaalegre.ce.leg.br",1,1,1,0,NA,NA,1,"vazio_na_origem_parlamentar_sem_mandato","json valido e vazio; n_legislaturas do inventario medido na descoberta"
"A_sapl3_cache_api","GO","93254","Cristalina","sapl.cristalina.go.leg.br",0,0,0,0,NA,NA,0,"vazio_na_origem_instancia_sem_legislatura","json valido e vazio; n_legislaturas do inventario medido na descoberta"
"A_sapl3_cache_api","GO","95133","Palmelo","sapl.palmelo.go.leg.br",0,0,0,0,NA,NA,0,"vazio_na_origem_instancia_sem_legislatura","json valido e vazio; n_legislaturas do inventario medido na descoberta"
"A_sapl3_cache_api","MA","07412","Buriti","sapl.buriti.ma.leg.br",0,0,0,0,NA,NA,0,"vazio_na_origem_instancia_sem_legislatura","json valido e vazio; n_legislaturas do inventario medido na descoberta"
"A_sapl3_cache_api","MG","40053","Abre Campo","sapl.abrecampo.mg.leg.br",0,0,0,0,NA,NA,0,"vazio_na_origem_instancia_sem_legislatura","json valido e vazio; n_legislaturas do inventario medido na descoberta"
"A_sapl3_cache_api","MG","40410","Alto Rio Doce","sapl.altoriodoce.mg.leg.br",1,1,0,0,NA,NA,0,"vazio_na_origem_legislatura_sem_parlamentar","json valido e vazio; n_legislaturas do inventario medido na descoberta"
"A_sapl3_cache_api","MG","41610","Bonfim","sapl.bonfim.mg.leg.br",1,1,0,0,NA,NA,0,"vazio_na_origem_legislatura_sem_parlamentar","json valido e vazio; n_legislaturas do inventario medido na descoberta"
"A_sapl3_cache_api","MG","42277","Campo Florido","sapl.campoflorido.mg.leg.br",0,0,0,0,NA,NA,0,"vazio_na_origem_instancia_sem_legislatura","json valido e vazio; n_legislaturas do inventario medido na descoberta"
"A_sapl3_cache_api","MG","43095","Caxambu","sapl.caxambu.mg.leg.br",0,0,0,0,NA,NA,0,"vazio_na_origem_instancia_sem_legislatura","json valido e vazio; n_legislaturas do inventario medido na descoberta"
"A_sapl3_cache_api","MG","43214","Chapada do Norte","sapl.chapadadonorte.mg.leg.br",0,0,0,0,NA,NA,0,"vazio_na_origem_instancia_sem_legislatura","json valido e vazio; n_legislaturas do inventario medido na descoberta"
"A_sapl3_cache_api","MG","43818","Corinto","sapl.corinto.mg.leg.br",0,0,0,0,NA,NA,0,"vazio_na_origem_instancia_sem_legislatura","json valido e vazio; n_legislaturas do inventario medido na descoberta"
"A_sapl3_cache_api","MG","43850","Coromandel","sapl.coromandel.mg.leg.br",0,0,0,0,NA,NA,0,"vazio_na_origem_instancia_sem_legislatura","json valido e vazio; n_legislaturas do inventario medido na descoberta"
"A_sapl3_cache_api","MG","43958","Córrego Danta","sapl.corregodanta.mg.leg.br",0,0,0,0,NA,NA,0,"vazio_na_origem_instancia_sem_legislatura","json valido e vazio; n_legislaturas do inventario medido na descoberta"
"A_sapl3_cache_api","MG","44539","Dom Silvério","sapl.domsilverio.mg.leg.br",0,0,0,0,NA,NA,0,"vazio_na_origem_instancia_sem_legislatura","json valido e vazio; n_legislaturas do inventario medido na descoberta"
"A_sapl3_cache_api","MG","44598","Dores de Campos","sapl.doresdecampos.mg.leg.br",0,0,0,0,NA,NA,0,"vazio_na_origem_instancia_sem_legislatura","json valido e vazio; n_legislaturas do inventario medido na descoberta"
"A_sapl3_cache_api","MG","44814","Esmeraldas","sapl.esmeraldas.mg.leg.br",0,0,0,0,NA,NA,0,"vazio_na_origem_instancia_sem_legislatura","json valido e vazio; n_legislaturas do inventario medido na descoberta"
"A_sapl3_cache_api","MG","45551","Grão Mogol","sapl.graomogol.mg.leg.br",11,11,0,0,NA,NA,0,"vazio_na_origem_legislatura_sem_parlamentar","json valido e vazio; n_legislaturas do inventario medido na descoberta"
"A_sapl3_cache_api","MG","45616","Guapé","sapl.guape.mg.leg.br",0,0,0,0,NA,NA,0,"vazio_na_origem_instancia_sem_legislatura","json valido e vazio; n_legislaturas do inventario medido na descoberta"
"A_sapl3_cache_api","MG","45659","Guaranésia","sapl.guaranesia.mg.leg.br",0,0,0,0,NA,NA,0,"vazio_na_origem_instancia_sem_legislatura","json valido e vazio; n_legislaturas do inventario medido na descoberta"
"A_sapl3_cache_api","MG","47791","Machado","sapl.machado.mg.leg.br",0,0,0,0,NA,NA,0,"vazio_na_origem_instancia_sem_legislatura","json valido e vazio; n_legislaturas do inventario medido na descoberta"
"A_sapl3_cache_api","MG","48038","Maripá de Minas","sapl.maripademinas.mg.leg.br",0,0,0,0,NA,NA,0,"vazio_na_origem_instancia_sem_legislatura","json valido e vazio; n_legislaturas do inventario medido na descoberta"
"A_sapl3_cache_api","MG","49336","Palma","sapl.palma.mg.leg.br",0,0,0,0,NA,NA,0,"vazio_na_origem_instancia_sem_legislatura","json valido e vazio; n_legislaturas do inventario medido na descoberta"
"A_sapl3_cache_api","MG","49476","Paraopeba","sapl.paraopeba.mg.leg.br",0,0,0,0,NA,NA,0,"vazio_na_origem_instancia_sem_legislatura","json valido e vazio; n_legislaturas do inventario medido na descoberta"
"A_sapl3_cache_api","MG","49654","Paula Cândido","sapl.paulacandido.mg.leg.br",0,0,0,0,NA,NA,0,"vazio_na_origem_instancia_sem_legislatura","json valido e vazio; n_legislaturas do inventario medido na descoberta"
"A_sapl3_cache_api","MG","49778","Pedra do Indaiá","sapl.pedradoindaia.mg.leg.br",0,0,0,0,NA,NA,0,"vazio_na_origem_instancia_sem_legislatura","json valido e vazio; n_legislaturas do inventario medido na descoberta"
"A_sapl3_cache_api","MG","50237","Pirapora","sapl.pirapora.mg.leg.br",1,1,0,0,NA,NA,0,"vazio_na_origem_legislatura_sem_parlamentar","json valido e vazio; n_legislaturas do inventario medido na descoberta"
"A_sapl3_cache_api","MG","50393","Pompéu","sapl.pompeu.mg.leg.br",0,0,0,0,NA,NA,0,"vazio_na_origem_instancia_sem_legislatura","json valido e vazio; n_legislaturas do inventario medido na descoberta"
"A_sapl3_cache_api","MG","50598","Pratinha","sapl.pratinha.mg.leg.br",0,0,0,0,NA,NA,0,"vazio_na_origem_instancia_sem_legislatura","json valido e vazio; n_legislaturas do inventario medido na descoberta"
"A_sapl3_cache_api","MG","52191","São Domingos do Prata","sapl.saodomingosdoprata.mg.leg.br",0,0,0,0,NA,NA,0,"vazio_na_origem_instancia_sem_legislatura","json valido e vazio; n_legislaturas do inventario medido na descoberta"
"A_sapl3_cache_api","MG","52450","São João da Mata","sapl.saojoaodamata.mg.leg.br",0,0,0,0,NA,NA,0,"vazio_na_origem_instancia_sem_legislatura","json valido e vazio; n_legislaturas do inventario medido na descoberta"
"A_sapl3_cache_api","MS","55069","Figueirão","sapl.figueirao.ms.leg.br",0,0,0,0,NA,NA,0,"vazio_na_origem_instancia_sem_legislatura","json valido e vazio; n_legislaturas do inventario medido na descoberta"
"A_sapl3_cache_api","MS","90034","Água Clara","sapl.aguaclara.ms.leg.br",0,0,0,0,NA,NA,0,"vazio_na_origem_instancia_sem_legislatura","json valido e vazio; n_legislaturas do inventario medido na descoberta"
"A_sapl3_cache_api","MS","90174","Antônio João","sapl.antoniojoao.ms.leg.br",0,0,0,0,NA,NA,0,"vazio_na_origem_instancia_sem_legislatura","json valido e vazio; n_legislaturas do inventario medido na descoberta"
"A_sapl3_cache_api","MS","91790","Mundo Novo","sapl.mundonovo.ms.leg.br",0,0,0,0,NA,NA,0,"vazio_na_origem_instancia_sem_legislatura","json valido e vazio; n_legislaturas do inventario medido na descoberta"
"A_sapl3_cache_api","MT","90603","Lucas do Rio Verde","sapl.lucasdorioverde.mt.leg.br",0,0,0,0,NA,NA,0,"vazio_na_origem_instancia_sem_legislatura","json valido e vazio; n_legislaturas do inventario medido na descoberta"
"A_sapl3_cache_api","MT","90832","Guiratinga","sapl.guiratinga.mt.leg.br",0,0,0,0,NA,NA,0,"vazio_na_origem_instancia_sem_legislatura","json valido e vazio; n_legislaturas do inventario medido na descoberta"
"A_sapl3_cache_api","MT","90913","Itiquira","sapl.itiquira.mt.leg.br",0,0,0,0,NA,NA,0,"vazio_na_origem_instancia_sem_legislatura","json valido e vazio; n_legislaturas do inventario medido na descoberta"
"A_sapl3_cache_api","MT","90921","Serra Nova Dourada","sapl.serranovadourada.mt.leg.br",2,2,1,0,NA,NA,1,"vazio_na_origem_parlamentar_sem_mandato","json valido e vazio; n_legislaturas do inventario medido na descoberta"
"A_sapl3_cache_api","MT","90980","Santa Cruz do Xingu","sapl.santacruzdoxingu.mt.leg.br",0,0,0,0,NA,NA,0,"vazio_na_origem_instancia_sem_legislatura","json valido e vazio; n_legislaturas do inventario medido na descoberta"
"A_sapl3_cache_api","PA","04715","Itaituba","sapl.itaituba.pa.leg.br",0,0,0,0,NA,NA,0,"vazio_na_origem_instancia_sem_legislatura","json valido e vazio; n_legislaturas do inventario medido na descoberta"
"A_sapl3_cache_api","PA","04758","Jacundá","sapl.jacunda.pa.leg.br",0,0,0,0,NA,NA,0,"vazio_na_origem_instancia_sem_legislatura","json valido e vazio; n_legislaturas do inventario medido na descoberta"
"A_sapl3_cache_api","PB","19852","Catingueira","sapl.catingueira.pb.leg.br",0,0,0,0,NA,NA,0,"vazio_na_origem_instancia_sem_legislatura","json valido e vazio; n_legislaturas do inventario medido na descoberta"
"A_sapl3_cache_api","PB","20672","Lagoa Seca","sapl.lagoaseca.pb.leg.br",0,0,0,0,NA,NA,0,"vazio_na_origem_instancia_sem_legislatura","json valido e vazio; n_legislaturas do inventario medido na descoberta"
"A_sapl3_cache_api","PB","22195","Serraria","sapl.serraria.pb.leg.br",0,0,0,0,NA,NA,0,"vazio_na_origem_instancia_sem_legislatura","json valido e vazio; n_legislaturas do inventario medido na descoberta"
"A_sapl3_cache_api","PE","23256","Barra de Guabiraba","sapl.barradeguabiraba.pe.leg.br",0,0,0,0,NA,NA,0,"vazio_na_origem_instancia_sem_legislatura","json valido e vazio; n_legislaturas do inventario medido na descoberta"
"A_sapl3_cache_api","PE","24457","Ipubi","sapl.ipubi.pe.leg.br",0,0,0,0,NA,NA,0,"vazio_na_origem_instancia_sem_legislatura","json valido e vazio; n_legislaturas do inventario medido na descoberta"
"A_sapl3_cache_api","PE","24511","Ilha de Itamaracá","sapl.ilhadeitamaraca.pe.leg.br",0,0,0,0,NA,NA,0,"vazio_na_origem_instancia_sem_legislatura","json valido e vazio; n_legislaturas do inventario medido na descoberta"
"A_sapl3_cache_api","PI","10618","Cristino Castro","sapl.cristinocastro.pi.leg.br",0,0,0,0,NA,NA,0,"vazio_na_origem_instancia_sem_legislatura","json valido e vazio; n_legislaturas do inventario medido na descoberta"
"A_sapl3_cache_api","PI","11312","Monte Alegre do Piauí","sapl.montealegredopiaui.pi.leg.br",0,0,0,0,NA,NA,0,"vazio_na_origem_instancia_sem_legislatura","json valido e vazio; n_legislaturas do inventario medido na descoberta"
"A_sapl3_cache_api","PI","12351","Campo Alegre do Fidalgo","sapl.campoalegredofidalgo.pi.leg.br",0,0,0,0,NA,NA,0,"vazio_na_origem_instancia_sem_legislatura","json valido e vazio; n_legislaturas do inventario medido na descoberta"
"A_sapl3_cache_api","PR","74209","Cafezal do Sul","sapl.cafezaldosul.pr.leg.br",0,0,0,0,NA,NA,0,"vazio_na_origem_instancia_sem_legislatura","json valido e vazio; n_legislaturas do inventario medido na descoberta"
"A_sapl3_cache_api","PR","74497","Barracão","sapl.barracao.pr.leg.br",0,0,0,0,NA,NA,0,"vazio_na_origem_instancia_sem_legislatura","json valido e vazio; n_legislaturas do inventario medido na descoberta"
"A_sapl3_cache_api","PR","74560","Mercedes","sapl.mercedes.pr.leg.br",0,0,0,0,NA,NA,0,"vazio_na_origem_instancia_sem_legislatura","json valido e vazio; n_legislaturas do inventario medido na descoberta"
"A_sapl3_cache_api","PR","74594","Bocaiúva do Sul","sapl.bocaiuvadosul.pr.leg.br",0,0,0,0,NA,NA,0,"vazio_na_origem_instancia_sem_legislatura","json valido e vazio; n_legislaturas do inventario medido na descoberta"
"A_sapl3_cache_api","PR","74632","Borrazópolis","sapl.borrazopolis.pr.leg.br",0,0,0,0,NA,NA,0,"vazio_na_origem_instancia_sem_legislatura","json valido e vazio; n_legislaturas do inventario medido na descoberta"
"A_sapl3_cache_api","PR","74977","Catanduvas","sapl.catanduvas.pr.leg.br",0,0,0,0,NA,NA,0,"vazio_na_origem_instancia_sem_legislatura","json valido e vazio; n_legislaturas do inventario medido na descoberta"
"A_sapl3_cache_api","PR","75027","Nova Esperança do Sudoeste","sapl.novaesperancadosudoeste.pr.leg.br",0,0,0,0,NA,NA,0,"vazio_na_origem_instancia_sem_legislatura","json valido e vazio; n_legislaturas do inventario medido na descoberta"
"A_sapl3_cache_api","PR","75086","Ariranha do Ivaí","sapl.ariranhadoivai.pr.leg.br",0,0,0,0,NA,NA,0,"vazio_na_origem_instancia_sem_legislatura","json valido e vazio; n_legislaturas do inventario medido na descoberta"
"A_sapl3_cache_api","PR","75213","Contenda","sapl.contenda.pr.leg.br",0,0,0,0,NA,NA,0,"vazio_na_origem_instancia_sem_legislatura","json valido e vazio; n_legislaturas do inventario medido na descoberta"
"A_sapl3_cache_api","PR","75434","Doutor Camargo","sapl.doutorcamargo.pr.leg.br",1,1,0,0,NA,NA,0,"vazio_na_origem_legislatura_sem_parlamentar","json valido e vazio; n_legislaturas do inventario medido na descoberta"
"A_sapl3_cache_api","PR","75795","Guaraci","sapl.guaraci.pr.leg.br",1,1,1,0,NA,NA,1,"vazio_na_origem_parlamentar_sem_mandato","json valido e vazio; n_legislaturas do inventario medido na descoberta"
"A_sapl3_cache_api","PR","75809","Luiziana","sapl.luiziana.pr.leg.br",0,0,0,0,NA,NA,0,"vazio_na_origem_instancia_sem_legislatura","json valido e vazio; n_legislaturas do inventario medido na descoberta"
"A_sapl3_cache_api","PR","76090","Iretama","sapl.iretama.pr.leg.br",0,0,0,0,NA,NA,0,"vazio_na_origem_instancia_sem_legislatura","json valido e vazio; n_legislaturas do inventario medido na descoberta"
"A_sapl3_cache_api","PR","76333","Jaguariaíva","sapl.jaguariaiva.pr.leg.br",1,1,0,0,NA,NA,0,"vazio_na_origem_legislatura_sem_parlamentar","json valido e vazio; n_legislaturas do inventario medido na descoberta"
"A_sapl3_cache_api","PR","76856","Maria Helena","sapl.mariahelena.pr.leg.br",2,2,0,0,NA,NA,0,"vazio_na_origem_legislatura_sem_parlamentar","json valido e vazio; n_legislaturas do inventario medido na descoberta"
"A_sapl3_cache_api","PR","76899","Mariluz","sapl.mariluz.pr.leg.br",0,0,0,0,NA,NA,0,"vazio_na_origem_instancia_sem_legislatura","json valido e vazio; n_legislaturas do inventario medido na descoberta"
"A_sapl3_cache_api","PR","76970","Marumbi","sapl.marumbi.pr.leg.br",0,0,0,0,NA,NA,0,"vazio_na_origem_instancia_sem_legislatura","json valido e vazio; n_legislaturas do inventario medido na descoberta"
"A_sapl3_cache_api","PR","77011","Medianeira","sapl.medianeira.pr.leg.br",0,0,0,0,NA,NA,0,"vazio_na_origem_instancia_sem_legislatura","json valido e vazio; n_legislaturas do inventario medido na descoberta"
"A_sapl3_cache_api","PR","77330","Palmas","sapl.palmas.pr.leg.br",0,0,0,0,NA,NA,0,"vazio_na_origem_instancia_sem_legislatura","json valido e vazio; n_legislaturas do inventario medido na descoberta"
"A_sapl3_cache_api","PR","77550","Paulo Frontin","sapl.paulofrontin.pr.leg.br",0,0,0,0,NA,NA,0,"vazio_na_origem_instancia_sem_legislatura","json valido e vazio; n_legislaturas do inventario medido na descoberta"
"A_sapl3_cache_api","PR","77712","Pitanga","sapl.pitanga.pr.leg.br",1,1,1,0,NA,NA,1,"vazio_na_origem_parlamentar_sem_mandato","json valido e vazio; n_legislaturas do inventario medido na descoberta"
"A_sapl3_cache_api","PR","78018","Quitandinha","sapl.quitandinha.pr.leg.br",0,0,0,0,NA,NA,0,"vazio_na_origem_instancia_sem_legislatura","json valido e vazio; n_legislaturas do inventario medido na descoberta"
"A_sapl3_cache_api","PR","78336","Salgado Filho","sapl.salgadofilho.pr.leg.br",0,0,0,0,NA,NA,0,"vazio_na_origem_instancia_sem_legislatura","json valido e vazio; n_legislaturas do inventario medido na descoberta"
"A_sapl3_cache_api","PR","79375","União da Vitória","sapl.uniaodavitoria.pr.leg.br",0,0,0,0,NA,NA,0,"vazio_na_origem_instancia_sem_legislatura","json valido e vazio; n_legislaturas do inventario medido na descoberta"
"A_sapl3_cache_api","RJ","58190","Campos dos Goytacazes","sapl.camposdosgoytacazes.rj.leg.br",0,0,0,0,NA,NA,0,"vazio_na_origem_instancia_sem_legislatura","json valido e vazio; n_legislaturas do inventario medido na descoberta"
"A_sapl3_cache_api","RJ","58416","Itaocara","sapl.itaocara.rj.leg.br",0,0,0,0,NA,NA,0,"vazio_na_origem_instancia_sem_legislatura","json valido e vazio; n_legislaturas do inventario medido na descoberta"
"A_sapl3_cache_api","RJ","58734","Paraíba do Sul","sapl.paraibadosul.rj.leg.br",0,0,0,0,NA,NA,0,"vazio_na_origem_instancia_sem_legislatura","json valido e vazio; n_legislaturas do inventario medido na descoberta"
"A_sapl3_cache_api","RJ","58939","Santo Antônio de Pádua","sapl.santoantoniodepadua.rj.leg.br",0,0,0,0,NA,NA,0,"vazio_na_origem_instancia_sem_legislatura","json valido e vazio; n_legislaturas do inventario medido na descoberta"
"A_sapl3_cache_api","RN","16004","Tenente Laurentino Cruz","sapl.tenentelaurentinocruz.rn.leg.br",0,0,0,0,NA,NA,0,"vazio_na_origem_instancia_sem_legislatura","json valido e vazio; n_legislaturas do inventario medido na descoberta"
"A_sapl3_cache_api","RN","16020","Serra do Mel","sapl.serradomel.rn.leg.br",0,0,0,0,NA,NA,0,"vazio_na_origem_instancia_sem_legislatura","json valido e vazio; n_legislaturas do inventario medido na descoberta"
"A_sapl3_cache_api","RN","16837","Governador Dix-Sept Rosado","sapl.governadordixseptrosado.rn.leg.br",0,0,0,0,NA,NA,0,"vazio_na_origem_instancia_sem_legislatura","json valido e vazio; n_legislaturas do inventario medido na descoberta"
"A_sapl3_cache_api","RN","17019","Janduís","sapl.janduis.rn.leg.br",0,0,0,0,NA,NA,0,"vazio_na_origem_instancia_sem_legislatura","json valido e vazio; n_legislaturas do inventario medido na descoberta"
"A_sapl3_cache_api","RN","18279","Santana do Matos","sapl.santanadomatos.rn.leg.br",0,0,0,0,NA,NA,0,"vazio_na_origem_instancia_sem_legislatura","json valido e vazio; n_legislaturas do inventario medido na descoberta"
"A_sapl3_cache_api","RN","18430","São José do Campestre","sapl.saojosedocampestre.rn.leg.br",0,0,0,0,NA,NA,0,"vazio_na_origem_instancia_sem_legislatura","json valido e vazio; n_legislaturas do inventario medido na descoberta"
"A_sapl3_cache_api","RN","18538","São Rafael","sapl.saorafael.rn.leg.br",0,0,0,0,NA,NA,0,"vazio_na_origem_instancia_sem_legislatura","json valido e vazio; n_legislaturas do inventario medido na descoberta"
"A_sapl3_cache_api","RO","00353","Santa Luzia D'Oeste","sapl.santaluziadoeste.ro.leg.br",0,0,0,0,NA,NA,0,"vazio_na_origem_instancia_sem_legislatura","json valido e vazio; n_legislaturas do inventario medido na descoberta"
"A_sapl3_cache_api","RO","00582","Seringueiras","sapl.seringueiras.ro.leg.br",0,0,0,0,NA,NA,0,"vazio_na_origem_instancia_sem_legislatura","json valido e vazio; n_legislaturas do inventario medido na descoberta"
"A_sapl3_cache_api","RS","88048","União da Serra","sapl.uniaodaserra.rs.leg.br",0,0,0,0,NA,NA,0,"vazio_na_origem_instancia_sem_legislatura","json valido e vazio; n_legislaturas do inventario medido na descoberta"
"A_sapl3_cache_api","RS","88897","São Paulo das Missões","sapl.saopaulodasmissoes.rs.leg.br",0,0,0,0,NA,NA,0,"vazio_na_origem_instancia_sem_legislatura","json valido e vazio; n_legislaturas do inventario medido na descoberta"
"A_sapl3_cache_api","SC","80578","Caçador","sapl.cacador.sc.leg.br",0,0,0,0,NA,NA,0,"vazio_na_origem_instancia_sem_legislatura","json valido e vazio; n_legislaturas do inventario medido na descoberta"
"A_sapl3_cache_api","SC","81493","Ipira","sapl.ipira.sc.leg.br",0,0,0,0,NA,NA,0,"vazio_na_origem_instancia_sem_legislatura","json valido e vazio; n_legislaturas do inventario medido na descoberta"
"A_sapl3_cache_api","SE","31410","Estância","sapl.estancia.se.leg.br",1,1,0,0,NA,NA,0,"vazio_na_origem_legislatura_sem_parlamentar","json valido e vazio; n_legislaturas do inventario medido na descoberta"
"A_sapl3_cache_api","SP","61077","Águas da Prata","sapl.aguasdaprata.sp.leg.br",0,0,0,0,NA,NA,0,"vazio_na_origem_instancia_sem_legislatura","json valido e vazio; n_legislaturas do inventario medido na descoberta"
"A_sapl3_cache_api","SP","61379","Amparo","sapl.amparo.sp.leg.br",0,0,0,0,NA,NA,0,"vazio_na_origem_instancia_sem_legislatura","json valido e vazio; n_legislaturas do inventario medido na descoberta"
"A_sapl3_cache_api","SP","62090","Barretos","sapl.barretos.sp.leg.br",0,0,0,0,NA,NA,0,"vazio_na_origem_instancia_sem_legislatura","json valido e vazio; n_legislaturas do inventario medido na descoberta"
"A_sapl3_cache_api","SP","62936","Campo Limpo Paulista","sapl.campolimpopaulista.sp.leg.br",0,0,0,0,NA,NA,0,"vazio_na_origem_instancia_sem_legislatura","json valido e vazio; n_legislaturas do inventario medido na descoberta"
"A_sapl3_cache_api","SP","66052","Jarinu","sapl.jarinu.sp.leg.br",0,0,0,0,NA,NA,0,"vazio_na_origem_instancia_sem_legislatura","json valido e vazio; n_legislaturas do inventario medido na descoberta"
"A_sapl3_cache_api","SP","66370","Lençóis Paulista","sapl.lencoispaulista.sp.leg.br",0,0,0,0,NA,NA,0,"vazio_na_origem_instancia_sem_legislatura","json valido e vazio; n_legislaturas do inventario medido na descoberta"
"A_sapl3_cache_api","SP","68390","Pedranópolis","sapl.pedranopolis.sp.leg.br",0,0,0,0,NA,NA,0,"vazio_na_origem_instancia_sem_legislatura","json valido e vazio; n_legislaturas do inventario medido na descoberta"
"A_sapl3_cache_api","SP","71390","Severínia","sapl.severinia.sp.leg.br",0,0,0,0,NA,NA,0,"vazio_na_origem_instancia_sem_legislatura","json valido e vazio; n_legislaturas do inventario medido na descoberta"
"A_sapl3_cache_api","TO","92541","Sampaio","sapl.sampaio.to.leg.br",9,9,0,0,NA,NA,0,"vazio_na_origem_legislatura_sem_parlamentar","json valido e vazio; n_legislaturas do inventario medido na descoberta"
"B_marcador_sapl_no_html","AL","27014","Água Branca","aguabranca.al.leg.br",NA,NA,NA,NA,2,19,0,"sem_coleta_de_api_html_sem_texto_renderizado","instancia SAPL nunca consultada por API (fora do inventario sapl_municipal); so ha HTML em cache"
"B_marcador_sapl_no_html","AL","27030","Anadia","anadia.al.leg.br",NA,NA,NA,NA,2,8,0,"sem_coleta_de_api_html_sem_texto_renderizado","instancia SAPL nunca consultada por API (fora do inventario sapl_municipal); so ha HTML em cache"
"B_marcador_sapl_no_html","AL","27138","Batalha","batalha.al.leg.br",NA,NA,NA,NA,2,9,0,"sem_coleta_de_api_html_sem_texto_renderizado","instancia SAPL nunca consultada por API (fora do inventario sapl_municipal); so ha HTML em cache"
"B_marcador_sapl_no_html","AL","27170","Belo Monte","belomonte.al.leg.br",NA,NA,NA,NA,2,12,0,"sem_coleta_de_api_html_sem_texto_renderizado","instancia SAPL nunca consultada por API (fora do inventario sapl_municipal); so ha HTML em cache"
"B_marcador_sapl_no_html","AL","27235","Cacimbinhas","cacimbinhas.al.leg.br",NA,NA,NA,NA,3,770,0,"sem_coleta_de_api_html_sem_lista_de_parlamentares","instancia SAPL nunca consultada por API (fora do inventario sapl_municipal); so ha HTML em cache"
"B_marcador_sapl_no_html","AL","27278","Campo Alegre","campoalegre.al.leg.br",NA,NA,NA,NA,2,14,0,"sem_coleta_de_api_html_sem_texto_renderizado","instancia SAPL nunca consultada por API (fora do inventario sapl_municipal); so ha HTML em cache"
"B_marcador_sapl_no_html","AL","27359","Carneiros","carneiros.al.leg.br",NA,NA,NA,NA,2,11,0,"sem_coleta_de_api_html_sem_texto_renderizado","instancia SAPL nunca consultada por API (fora do inventario sapl_municipal); so ha HTML em cache"
"B_marcador_sapl_no_html","AL","27375","Chã Preta","chapreta.al.leg.br",NA,NA,NA,NA,2,11,0,"sem_coleta_de_api_html_sem_texto_renderizado","instancia SAPL nunca consultada por API (fora do inventario sapl_municipal); so ha HTML em cache"
"B_marcador_sapl_no_html","AL","27413","Colônia Leopoldina","colonialeopoldina.al.leg.br",NA,NA,NA,NA,2,20,0,"sem_coleta_de_api_html_sem_texto_renderizado","instancia SAPL nunca consultada por API (fora do inventario sapl_municipal); so ha HTML em cache"
"B_marcador_sapl_no_html","AL","27537","Feliz Deserto","felizdeserto.al.leg.br",NA,NA,NA,NA,2,15,0,"sem_coleta_de_api_html_sem_texto_renderizado","instancia SAPL nunca consultada por API (fora do inventario sapl_municipal); so ha HTML em cache"
"B_marcador_sapl_no_html","AL","27570","Girau do Ponciano","giraudoponciano.al.leg.br",NA,NA,NA,NA,2,19,0,"sem_coleta_de_api_html_sem_texto_renderizado","instancia SAPL nunca consultada por API (fora do inventario sapl_municipal); so ha HTML em cache"
"B_marcador_sapl_no_html","AL","27650","Inhapi","www.inhapi.al.leg.br",NA,NA,NA,NA,2,8,0,"sem_coleta_de_api_html_sem_texto_renderizado","instancia SAPL nunca consultada por API (fora do inventario sapl_municipal); so ha HTML em cache"
"B_marcador_sapl_no_html","AL","27677","Jacaré dos Homens","jacaredoshomens.al.leg.br",NA,NA,NA,NA,2,19,0,"sem_coleta_de_api_html_sem_texto_renderizado","instancia SAPL nunca consultada por API (fora do inventario sapl_municipal); so ha HTML em cache"
"B_marcador_sapl_no_html","AL","27812","Lagoa da Canoa","lagoadacanoa.al.leg.br",NA,NA,NA,NA,2,16,0,"sem_coleta_de_api_html_sem_texto_renderizado","instancia SAPL nunca consultada por API (fora do inventario sapl_municipal); so ha HTML em cache"
"B_marcador_sapl_no_html","AL","27871","Major Isidoro","majorisidoro.al.leg.br",NA,NA,NA,NA,2,15,0,"sem_coleta_de_api_html_sem_texto_renderizado","instancia SAPL nunca consultada por API (fora do inventario sapl_municipal); so ha HTML em cache"
"B_marcador_sapl_no_html","AL","28037","Messias","messias.al.leg.br",NA,NA,NA,NA,2,9,0,"sem_coleta_de_api_html_sem_texto_renderizado","instancia SAPL nunca consultada por API (fora do inventario sapl_municipal); so ha HTML em cache"
"B_marcador_sapl_no_html","AL","28053","Minador do Negrão","minadordonegrao.al.leg.br",NA,NA,NA,NA,2,19,0,"sem_coleta_de_api_html_sem_texto_renderizado","instancia SAPL nunca consultada por API (fora do inventario sapl_municipal); so ha HTML em cache"
"B_marcador_sapl_no_html","AL","28070","Monteirópolis","www.monteiropolis.al.leg.br",NA,NA,NA,NA,2,15,0,"sem_coleta_de_api_html_sem_texto_renderizado","instancia SAPL nunca consultada por API (fora do inventario sapl_municipal); so ha HTML em cache"
"B_marcador_sapl_no_html","AL","28215","Ouro Branco","ourobranco.al.leg.br",NA,NA,NA,NA,2,13,0,"sem_coleta_de_api_html_sem_texto_renderizado","instancia SAPL nunca consultada por API (fora do inventario sapl_municipal); so ha HTML em cache"
"B_marcador_sapl_no_html","AL","28231","Palestina","palestina.al.leg.br",NA,NA,NA,NA,2,11,0,"sem_coleta_de_api_html_sem_texto_renderizado","instancia SAPL nunca consultada por API (fora do inventario sapl_municipal); so ha HTML em cache"
"B_marcador_sapl_no_html","AL","28290","Passo de Camaragibe","passodecamaragibe.al.leg.br",NA,NA,NA,NA,2,12,0,"sem_coleta_de_api_html_sem_texto_renderizado","instancia SAPL nunca consultada por API (fora do inventario sapl_municipal); so ha HTML em cache"
"B_marcador_sapl_no_html","AL","28312","Paulo Jacinto","paulojacinto.al.leg.br",NA,NA,NA,NA,2,15,0,"sem_coleta_de_api_html_sem_texto_renderizado","instancia SAPL nunca consultada por API (fora do inventario sapl_municipal); so ha HTML em cache"
"B_marcador_sapl_no_html","AL","28355","Piaçabuçu","piacabucu.al.leg.br",NA,NA,NA,NA,2,11,0,"sem_coleta_de_api_html_sem_texto_renderizado","instancia SAPL nunca consultada por API (fora do inventario sapl_municipal); so ha HTML em cache"
"B_marcador_sapl_no_html","AL","28410","Piranhas","piranhas.al.leg.br",NA,NA,NA,NA,2,10,0,"sem_coleta_de_api_html_sem_texto_renderizado","instancia SAPL nunca consultada por API (fora do inventario sapl_municipal); so ha HTML em cache"
"B_marcador_sapl_no_html","AL","28436","Poço das Trincheiras","pocodastrincheiras.al.leg.br",NA,NA,NA,NA,2,22,0,"sem_coleta_de_api_html_sem_texto_renderizado","instancia SAPL nunca consultada por API (fora do inventario sapl_municipal); so ha HTML em cache"
"B_marcador_sapl_no_html","AL","28592","Santana do Ipanema","santanadoipanema.al.leg.br",NA,NA,NA,NA,2,20,0,"sem_coleta_de_api_html_sem_texto_renderizado","instancia SAPL nunca consultada por API (fora do inventario sapl_municipal); so ha HTML em cache"
"B_marcador_sapl_no_html","AL","28614","Santana do Mundaú","santanadomundau.al.leg.br",NA,NA,NA,NA,2,19,0,"sem_coleta_de_api_html_sem_texto_renderizado","instancia SAPL nunca consultada por API (fora do inventario sapl_municipal); so ha HTML em cache"
"B_marcador_sapl_no_html","AL","28673","São José da Tapera","saojosedatapera.al.leg.br",NA,NA,NA,NA,2,20,0,"sem_coleta_de_api_html_sem_texto_renderizado","instancia SAPL nunca consultada por API (fora do inventario sapl_municipal); so ha HTML em cache"
"B_marcador_sapl_no_html","AL","28770","Satuba","satuba.al.leg.br",NA,NA,NA,NA,2,8,0,"sem_coleta_de_api_html_sem_texto_renderizado","instancia SAPL nunca consultada por API (fora do inventario sapl_municipal); so ha HTML em cache"
"B_marcador_sapl_no_html","AL","28819","Taquarana","taquarana.al.leg.br",NA,NA,NA,NA,2,11,0,"sem_coleta_de_api_html_sem_texto_renderizado","instancia SAPL nunca consultada por API (fora do inventario sapl_municipal); so ha HTML em cache"
"B_marcador_sapl_no_html","AL","28916","Senador Rui Palmeira","senadorruipalmeira.al.leg.br",NA,NA,NA,NA,2,22,0,"sem_coleta_de_api_html_sem_texto_renderizado","instancia SAPL nunca consultada por API (fora do inventario sapl_municipal); so ha HTML em cache"
"B_marcador_sapl_no_html","AL","28932","Teotônio Vilela","teotoniovilela.al.leg.br",NA,NA,NA,NA,2,17,0,"sem_coleta_de_api_html_sem_texto_renderizado","instancia SAPL nunca consultada por API (fora do inventario sapl_municipal); so ha HTML em cache"
"B_marcador_sapl_no_html","BA","30660","Iuiú","camaraiuiu.ba.gov.br",NA,NA,NA,NA,1,4238,0,"sem_coleta_de_api_html_sem_lista_de_parlamentares","instancia SAPL nunca consultada por API (fora do inventario sapl_municipal); so ha HTML em cache"
"B_marcador_sapl_no_html","BA","33596","Barra do Mendes","cmbarradomendes.ba.gov.br",NA,NA,NA,NA,1,4115,0,"sem_coleta_de_api_html_sem_lista_de_parlamentares","instancia SAPL nunca consultada por API (fora do inventario sapl_municipal); so ha HTML em cache"
"B_marcador_sapl_no_html","BA","33774","Bom Jesus da Lapa","camarabomjesusdalapa.ba.gov.br",NA,NA,NA,NA,2,4376,0,"sem_coleta_de_api_html_sem_lista_de_parlamentares","instancia SAPL nunca consultada por API (fora do inventario sapl_municipal); so ha HTML em cache"
"B_marcador_sapl_no_html","BA","35696","Igaporã","camaraigapora.ba.gov.br",NA,NA,NA,NA,3,4128,0,"sem_coleta_de_api_html_sem_lista_de_parlamentares","instancia SAPL nunca consultada por API (fora do inventario sapl_municipal); so ha HTML em cache"
"B_marcador_sapl_no_html","BA","36897","Licínio de Almeida","camaraliciniodealmeida.ba.gov.br",NA,NA,NA,NA,1,3988,0,"sem_coleta_de_api_html_sem_lista_de_parlamentares","instancia SAPL nunca consultada por API (fora do inventario sapl_municipal); so ha HTML em cache"
"B_marcador_sapl_no_html","BA","37052","Malhada","camaramalhada.ba.gov.br",NA,NA,NA,NA,1,3950,0,"sem_coleta_de_api_html_sem_lista_de_parlamentares","instancia SAPL nunca consultada por API (fora do inventario sapl_municipal); so ha HTML em cache"
"B_marcador_sapl_no_html","BA","37133","Maragogipe","camaramaragogipe.ba.gov.br",NA,NA,NA,NA,1,2635,0,"sem_coleta_de_api_html_sem_lista_de_parlamentares","instancia SAPL nunca consultada por API (fora do inventario sapl_municipal); so ha HTML em cache"
"B_marcador_sapl_no_html","BA","38652","Santana","cmsantana.ba.gov.br",NA,NA,NA,NA,2,2824,0,"sem_coleta_de_api_html_sem_lista_de_parlamentares","instancia SAPL nunca consultada por API (fora do inventario sapl_municipal); so ha HTML em cache"
"B_marcador_sapl_no_html","BA","39179","Tabocas do Brejo Velho","tabocasdobrejovelho.ba.leg.br",NA,NA,NA,NA,2,4146,0,"sem_coleta_de_api_html_sem_lista_de_parlamentares","instancia SAPL nunca consultada por API (fora do inventario sapl_municipal); so ha HTML em cache"
"B_marcador_sapl_no_html","BA","39519","Urandi","camaraurandi.ba.gov.br",NA,NA,NA,NA,1,3834,0,"sem_coleta_de_api_html_sem_lista_de_parlamentares","instancia SAPL nunca consultada por API (fora do inventario sapl_municipal); so ha HTML em cache"
"B_marcador_sapl_no_html","BA","39918","Tanque Novo","camaratanquenovo.ba.gov.br",NA,NA,NA,NA,1,3960,0,"sem_coleta_de_api_html_sem_lista_de_parlamentares","instancia SAPL nunca consultada por API (fora do inventario sapl_municipal); so ha HTML em cache"
"B_marcador_sapl_no_html","CE","14559","Maranguape","camaramaranguape.ce.gov.br",NA,NA,NA,NA,1,3526,10,"sem_coleta_de_api_html_com_lista_recuperada","instancia SAPL nunca consultada por API (fora do inventario sapl_municipal); so ha HTML em cache"
"B_marcador_sapl_no_html","ES","56499","Ibiraçu","camaraibiracu.es.gov.br",NA,NA,NA,NA,1,1,0,"sem_coleta_de_api_html_sem_texto_renderizado","instancia SAPL nunca consultada por API (fora do inventario sapl_municipal); so ha HTML em cache"
"B_marcador_sapl_no_html","GO","94331","Jataí","jatai.go.leg.br",NA,NA,NA,NA,NA,NA,0,"coberto_por_outro_coletor_sem_api_sapl","instancia SAPL nunca consultada por API (fora do inventario sapl_municipal); so ha HTML em cache"
"B_marcador_sapl_no_html","MA","07129","Bacabeira","cmbacabeira.ma.gov.br",NA,NA,NA,NA,1,4008,0,"sem_coleta_de_api_html_sem_lista_de_parlamentares","instancia SAPL nunca consultada por API (fora do inventario sapl_municipal); so ha HTML em cache"
"B_marcador_sapl_no_html","MG","40061","Capitão Andrade","camaracapitaoandrade.mg.gov.br",NA,NA,NA,NA,1,1,0,"sem_coleta_de_api_html_sem_texto_renderizado","instancia SAPL nunca consultada por API (fora do inventario sapl_municipal); so ha HTML em cache"
"B_marcador_sapl_no_html","MG","40320","Juatuba","cmjuatuba.mg.gov.br",NA,NA,NA,NA,1,363322,0,"sem_coleta_de_api_html_sem_lista_de_parlamentares","instancia SAPL nunca consultada por API (fora do inventario sapl_municipal); so ha HTML em cache"
"B_marcador_sapl_no_html","MG","40401","Mamonas","mamonas.mg.leg.br",NA,NA,NA,NA,2,3627,0,"sem_coleta_de_api_html_sem_lista_de_parlamentares","instancia SAPL nunca consultada por API (fora do inventario sapl_municipal); so ha HTML em cache"
"B_marcador_sapl_no_html","MG","41262","Padre Carvalho","camarapadrecarvalho.mg.gov.br",NA,NA,NA,NA,1,1,0,"sem_coleta_de_api_html_sem_texto_renderizado","instancia SAPL nunca consultada por API (fora do inventario sapl_municipal); so ha HTML em cache"
"B_marcador_sapl_no_html","MG","42030","Cajuri","camaracajuri.mg.gov.br",NA,NA,NA,NA,1,1,0,"sem_coleta_de_api_html_sem_texto_renderizado","instancia SAPL nunca consultada por API (fora do inventario sapl_municipal); so ha HTML em cache"
"B_marcador_sapl_no_html","MG","42064","Frei Lagonegro","camarafreilagonegro.mg.gov.br",NA,NA,NA,NA,1,639,0,"sem_coleta_de_api_html_sem_lista_de_parlamentares","instancia SAPL nunca consultada por API (fora do inventario sapl_municipal); so ha HTML em cache"
"B_marcador_sapl_no_html","MG","42080","Fruta de Leite","camarafrutadeleite.mg.gov.br",NA,NA,NA,NA,1,1,0,"sem_coleta_de_api_html_sem_texto_renderizado","instancia SAPL nunca consultada por API (fora do inventario sapl_municipal); so ha HTML em cache"
"B_marcador_sapl_no_html","MG","42390","Candeias","camaracandeias.mg.gov.br",NA,NA,NA,NA,1,1,0,"sem_coleta_de_api_html_sem_texto_renderizado","instancia SAPL nunca consultada por API (fora do inventario sapl_municipal); so ha HTML em cache"
"B_marcador_sapl_no_html","MG","44199","Datas","camaradatas.mg.gov.br",NA,NA,NA,NA,1,639,0,"sem_coleta_de_api_html_sem_lista_de_parlamentares","instancia SAPL nunca consultada por API (fora do inventario sapl_municipal); so ha HTML em cache"
"B_marcador_sapl_no_html","MG","45039","Fama","cmfama.mg.gov.br",NA,NA,NA,NA,1,1417,0,"sem_coleta_de_api_html_sem_lista_de_parlamentares","instancia SAPL nunca consultada por API (fora do inventario sapl_municipal); so ha HTML em cache"
"B_marcador_sapl_no_html","MG","45713","Guarda-Mor","camaraguardamor.mg.gov.br",NA,NA,NA,NA,3,1,0,"sem_coleta_de_api_html_sem_texto_renderizado","instancia SAPL nunca consultada por API (fora do inventario sapl_municipal); so ha HTML em cache"
"B_marcador_sapl_no_html","MG","47953","Mar de Espanha","mardeespanha.mg.leg.br",NA,NA,NA,NA,1,3610,0,"sem_coleta_de_api_html_sem_lista_de_parlamentares","instancia SAPL nunca consultada por API (fora do inventario sapl_municipal); so ha HTML em cache"
"B_marcador_sapl_no_html","MG","48054","Marliéria","camaramarlieria.mg.gov.br",NA,NA,NA,NA,1,1,0,"sem_coleta_de_api_html_sem_texto_renderizado","instancia SAPL nunca consultada por API (fora do inventario sapl_municipal); so ha HTML em cache"
"B_marcador_sapl_no_html","MG","48275","Medina","camaramedina.mg.gov.br",NA,NA,NA,NA,1,639,0,"sem_coleta_de_api_html_sem_lista_de_parlamentares","instancia SAPL nunca consultada por API (fora do inventario sapl_municipal); so ha HTML em cache"
"B_marcador_sapl_no_html","MG","48593","Monte Belo","camaramontebelo.mg.gov.br",NA,NA,NA,NA,1,2822,0,"sem_coleta_de_api_html_sem_lista_de_parlamentares","instancia SAPL nunca consultada por API (fora do inventario sapl_municipal); so ha HTML em cache"
"B_marcador_sapl_no_html","MG","48615","Monte Carmelo","camaramontecarmelo.mg.gov.br",NA,NA,NA,NA,1,1,0,"sem_coleta_de_api_html_sem_texto_renderizado","instancia SAPL nunca consultada por API (fora do inventario sapl_municipal); so ha HTML em cache"
"B_marcador_sapl_no_html","MG","49573","Passos","camarapassos.mg.gov.br",NA,NA,NA,NA,1,1,0,"sem_coleta_de_api_html_sem_texto_renderizado","instancia SAPL nunca consultada por API (fora do inventario sapl_municipal); so ha HTML em cache"
"B_marcador_sapl_no_html","MG","50814","Recreio","recreio.mg.leg.br",NA,NA,NA,NA,2,3628,0,"sem_coleta_de_api_html_sem_lista_de_parlamentares","instancia SAPL nunca consultada por API (fora do inventario sapl_municipal); so ha HTML em cache"
"B_marcador_sapl_no_html","MG","50938","Ribeirão Vermelho","camararibeiraovermelho.mg.gov.br",NA,NA,NA,NA,1,1,0,"sem_coleta_de_api_html_sem_texto_renderizado","instancia SAPL nunca consultada por API (fora do inventario sapl_municipal); so ha HTML em cache"
"B_marcador_sapl_no_html","MG","51390","Salinas","camarasalinas.mg.gov.br",NA,NA,NA,NA,3,1,0,"sem_coleta_de_api_html_sem_texto_renderizado","instancia SAPL nunca consultada por API (fora do inventario sapl_municipal); so ha HTML em cache"
"B_marcador_sapl_no_html","MG","52159","São Bento Abade","saobentoabade.mg.leg.br",NA,NA,NA,NA,2,4958,9,"sem_coleta_de_api_html_com_lista_recuperada","instancia SAPL nunca consultada por API (fora do inventario sapl_municipal); so ha HTML em cache"
"B_marcador_sapl_no_html","MG","54097","Urucânia","camaraurucania.mg.gov.br",NA,NA,NA,NA,1,1,0,"sem_coleta_de_api_html_sem_texto_renderizado","instancia SAPL nunca consultada por API (fora do inventario sapl_municipal); so ha HTML em cache"
"B_marcador_sapl_no_html","MS","55026","Laguna Carapã","camaralagunacarapa.ms.gov.br",NA,NA,NA,NA,1,1,0,"sem_coleta_de_api_html_sem_texto_renderizado","instancia SAPL nunca consultada por API (fora do inventario sapl_municipal); so ha HTML em cache"
"B_marcador_sapl_no_html","MS","91154","Nioaque","cmnioaque.ms.gov.br",NA,NA,NA,NA,1,1,0,"sem_coleta_de_api_html_sem_texto_renderizado","instancia SAPL nunca consultada por API (fora do inventario sapl_municipal); so ha HTML em cache"
"B_marcador_sapl_no_html","MS","98051","Douradina","camaradouradina.ms.gov.br",NA,NA,NA,NA,1,1,0,"sem_coleta_de_api_html_sem_texto_renderizado","instancia SAPL nunca consultada por API (fora do inventario sapl_municipal); so ha HTML em cache"
"B_marcador_sapl_no_html","MT","89796","Colíder","camaracolider.mt.gov.br",NA,NA,NA,NA,1,5133,0,"sem_coleta_de_api_html_sem_lista_de_parlamentares","instancia SAPL nunca consultada por API (fora do inventario sapl_municipal); so ha HTML em cache"
"B_marcador_sapl_no_html","MT","89843","Santo Antônio do Leste","www.santoantoniodoleste.mt.leg.br",NA,NA,NA,NA,2,4244,0,"sem_coleta_de_api_html_sem_lista_de_parlamentares","instancia SAPL nunca consultada por API (fora do inventario sapl_municipal); so ha HTML em cache"
"B_marcador_sapl_no_html","MT","89931","São José dos Quatro Marcos","www.saojosedosquatromarcos.mt.leg.br",NA,NA,NA,NA,2,4986,0,"sem_coleta_de_api_html_sem_lista_de_parlamentares","instancia SAPL nunca consultada por API (fora do inventario sapl_municipal); so ha HTML em cache"
"B_marcador_sapl_no_html","MT","90107","Santa Carmem","camarasantacarmem.mt.gov.br",NA,NA,NA,NA,3,4511,0,"sem_coleta_de_api_html_sem_lista_de_parlamentares","instancia SAPL nunca consultada por API (fora do inventario sapl_municipal); so ha HTML em cache"
"B_marcador_sapl_no_html","MT","90263","Apiacás","camaraapiacas.mt.gov.br",NA,NA,NA,NA,1,3268,0,"sem_coleta_de_api_html_sem_lista_de_parlamentares","instancia SAPL nunca consultada por API (fora do inventario sapl_municipal); so ha HTML em cache"
"B_marcador_sapl_no_html","MT","90409","São Pedro da Cipa","camarasaopedrodacipa.mt.gov.br",NA,NA,NA,NA,1,13412,7,"sem_coleta_de_api_html_com_lista_recuperada","instancia SAPL nunca consultada por API (fora do inventario sapl_municipal); so ha HTML em cache"
"B_marcador_sapl_no_html","MT","90468","Brasnorte","camarabrasnorte.mt.gov.br",NA,NA,NA,NA,1,4603,0,"sem_coleta_de_api_html_sem_lista_de_parlamentares","instancia SAPL nunca consultada por API (fora do inventario sapl_municipal); so ha HTML em cache"
"B_marcador_sapl_no_html","MT","90522","Cláudia","camaraclaudia.mt.gov.br",NA,NA,NA,NA,1,5948,0,"sem_coleta_de_api_html_sem_lista_de_parlamentares","instancia SAPL nunca consultada por API (fora do inventario sapl_municipal); so ha HTML em cache"
"B_marcador_sapl_no_html","MT","90719","Dom Aquino","camaradomaquino.mt.gov.br",NA,NA,NA,NA,1,6014,8,"sem_coleta_de_api_html_com_lista_recuperada","instancia SAPL nunca consultada por API (fora do inventario sapl_municipal); so ha HTML em cache"
"B_marcador_sapl_no_html","MT","90760","Carlinda","camaracarlinda.mt.gov.br",NA,NA,NA,NA,1,2639,0,"sem_coleta_de_api_html_sem_lista_de_parlamentares","instancia SAPL nunca consultada por API (fora do inventario sapl_municipal); so ha HTML em cache"
"B_marcador_sapl_no_html","MT","90956","Jaciara","camarajaciara.mt.gov.br",NA,NA,NA,NA,1,23101,10,"sem_coleta_de_api_html_com_lista_recuperada","instancia SAPL nunca consultada por API (fora do inventario sapl_municipal); so ha HTML em cache"
"B_marcador_sapl_no_html","MT","91103","Itanhangá","camaraitanhanga.mt.gov.br",NA,NA,NA,NA,1,4544,0,"sem_coleta_de_api_html_sem_lista_de_parlamentares","instancia SAPL nunca consultada por API (fora do inventario sapl_municipal); so ha HTML em cache"
"B_marcador_sapl_no_html","MT","91170","Nobres","www.nobres.mt.leg.br",NA,NA,NA,NA,2,6921,0,"sem_coleta_de_api_html_sem_lista_de_parlamentares","instancia SAPL nunca consultada por API (fora do inventario sapl_municipal); so ha HTML em cache"
"B_marcador_sapl_no_html","MT","91537","Rosário Oeste","camararosariooeste.mt.gov.br",NA,NA,NA,NA,1,17851,0,"sem_coleta_de_api_html_sem_lista_de_parlamentares","instancia SAPL nunca consultada por API (fora do inventario sapl_municipal); so ha HTML em cache"
"B_marcador_sapl_no_html","MT","91898","Juscimeira","camarajuscimeira.mt.gov.br",NA,NA,NA,NA,1,15993,8,"sem_coleta_de_api_html_com_lista_recuperada","instancia SAPL nunca consultada por API (fora do inventario sapl_municipal); so ha HTML em cache"
"B_marcador_sapl_no_html","MT","98698","Itaúba","camaraitauba.mt.gov.br",NA,NA,NA,NA,1,5698,0,"sem_coleta_de_api_html_sem_lista_de_parlamentares","instancia SAPL nunca consultada por API (fora do inventario sapl_municipal); so ha HTML em cache"
"B_marcador_sapl_no_html","MT","98710","Marcelândia","www.marcelandia.mt.leg.br",NA,NA,NA,NA,3,6365,0,"sem_coleta_de_api_html_sem_lista_de_parlamentares","instancia SAPL nunca consultada por API (fora do inventario sapl_municipal); so ha HTML em cache"
"B_marcador_sapl_no_html","MT","98817","Peixoto de Azevedo","camarapeixotodeazevedo.mt.gov.br",NA,NA,NA,NA,1,6833,0,"sem_coleta_de_api_html_sem_lista_de_parlamentares","instancia SAPL nunca consultada por API (fora do inventario sapl_municipal); so ha HTML em cache"
"B_marcador_sapl_no_html","MT","98876","Porto Esperidião","camaraportoesperidiao.mt.gov.br",NA,NA,NA,NA,1,6093,0,"sem_coleta_de_api_html_sem_lista_de_parlamentares","instancia SAPL nunca consultada por API (fora do inventario sapl_municipal); so ha HTML em cache"
"B_marcador_sapl_no_html","PE","25194","Petrolândia","petrolandia.pe.leg.br",NA,NA,NA,NA,2,5510,0,"sem_coleta_de_api_html_sem_lista_de_parlamentares","instancia SAPL nunca consultada por API (fora do inventario sapl_municipal); so ha HTML em cache"
"B_marcador_sapl_no_html","PI","10030","Água Branca","aguabranca.pi.leg.br",NA,NA,NA,NA,3,5254,10,"sem_coleta_de_api_html_com_lista_recuperada","instancia SAPL nunca consultada por API (fora do inventario sapl_municipal); so ha HTML em cache"
"B_marcador_sapl_no_html","PR","74349","Flor da Serra do Sul","flordaserradosul.pr.leg.br",NA,NA,NA,NA,2,5267,8,"sem_coleta_de_api_html_com_lista_recuperada","instancia SAPL nunca consultada por API (fora do inventario sapl_municipal); so ha HTML em cache"
"B_marcador_sapl_no_html","PR","74543","Mauá da Serra","camaramauadaserra.pr.gov.br",NA,NA,NA,NA,1,2757,0,"sem_coleta_de_api_html_sem_lista_de_parlamentares","instancia SAPL nunca consultada por API (fora do inventario sapl_municipal); so ha HTML em cache"
"B_marcador_sapl_no_html","PR","74616","Bom Sucesso","cmbomsucesso.pr.gov.br",NA,NA,NA,NA,1,2455,0,"sem_coleta_de_api_html_sem_lista_de_parlamentares","instancia SAPL nunca consultada por API (fora do inventario sapl_municipal); so ha HTML em cache"
"B_marcador_sapl_no_html","PR","75361","Foz do Jordão","camarafozdojordao.pr.gov.br",NA,NA,NA,NA,1,6090,0,"sem_coleta_de_api_html_sem_lista_de_parlamentares","instancia SAPL nunca consultada por API (fora do inventario sapl_municipal); so ha HTML em cache"
"B_marcador_sapl_no_html","RN","16039","Açu","www.acu.rn.leg.br",NA,NA,NA,NA,2,3368,0,"sem_coleta_de_api_html_sem_lista_de_parlamentares","instancia SAPL nunca consultada por API (fora do inventario sapl_municipal); so ha HTML em cache"
"B_marcador_sapl_no_html","RN","16578","Coronel João Pessoa","cmcoroneljoaopessoa.rn.gov.br",NA,NA,NA,NA,3,17302,9,"sem_coleta_de_api_html_com_lista_recuperada","instancia SAPL nunca consultada por API (fora do inventario sapl_municipal); so ha HTML em cache"
"B_marcador_sapl_no_html","RN","17590","Mossoró","www.mossoro.rn.leg.br",NA,NA,NA,NA,NA,NA,0,"coberto_por_outro_coletor_sem_api_sapl","instancia SAPL nunca consultada por API (fora do inventario sapl_municipal); so ha HTML em cache"
"B_marcador_sapl_no_html","RN","17736","Paraú","parau.rn.leg.br",NA,NA,NA,NA,2,2658,0,"sem_coleta_de_api_html_sem_lista_de_parlamentares","instancia SAPL nunca consultada por API (fora do inventario sapl_municipal); so ha HTML em cache"
"B_marcador_sapl_no_html","RN","17990","Pilões","www.piloes.rn.leg.br",NA,NA,NA,NA,1,1083,0,"sem_coleta_de_api_html_sem_lista_de_parlamentares","instancia SAPL nunca consultada por API (fora do inventario sapl_municipal); so ha HTML em cache"
"B_marcador_sapl_no_html","RS","85626","Ivorá","ivora.rs.leg.br",NA,NA,NA,NA,2,56181,0,"sem_coleta_de_api_html_sem_lista_de_parlamentares","instancia SAPL nunca consultada por API (fora do inventario sapl_municipal); so ha HTML em cache"
"B_marcador_sapl_no_html","RS","86096","Colorado","cmcolorado.rs.gov.br",NA,NA,NA,NA,1,3930,0,"sem_coleta_de_api_html_sem_lista_de_parlamentares","instancia SAPL nunca consultada por API (fora do inventario sapl_municipal); so ha HTML em cache"
"B_marcador_sapl_no_html","RS","87068","Minas do Leão","camaraminasdoleao.rs.gov.br",NA,NA,NA,NA,1,1,0,"sem_coleta_de_api_html_sem_texto_renderizado","instancia SAPL nunca consultada por API (fora do inventario sapl_municipal); so ha HTML em cache"
"B_marcador_sapl_no_html","RS","87173","Ivoti","camaraivoti.rs.gov.br",NA,NA,NA,NA,1,13147,0,"sem_coleta_de_api_html_sem_lista_de_parlamentares","instancia SAPL nunca consultada por API (fora do inventario sapl_municipal); so ha HTML em cache"
"B_marcador_sapl_no_html","RS","87203","Nova Boa Vista","camaranovaboavista.rs.gov.br",NA,NA,NA,NA,1,4146,0,"sem_coleta_de_api_html_sem_lista_de_parlamentares","instancia SAPL nunca consultada por API (fora do inventario sapl_municipal); so ha HTML em cache"
"B_marcador_sapl_no_html","RS","89001","Almirante Tamandaré do Sul","camaraalmirantetamandaredosul.rs.gov.br",NA,NA,NA,NA,1,5086,0,"sem_coleta_de_api_html_sem_lista_de_parlamentares","instancia SAPL nunca consultada por API (fora do inventario sapl_municipal); so ha HTML em cache"
"B_marcador_sapl_no_html","SC","81566","Palmeira","camarapalmeira.sc.gov.br",NA,NA,NA,NA,1,4021,0,"sem_coleta_de_api_html_sem_lista_de_parlamentares","instancia SAPL nunca consultada por API (fora do inventario sapl_municipal); so ha HTML em cache"
"B_marcador_sapl_no_html","SC","82554","Pinheiro Preto","cmpinheiropreto.sc.gov.br",NA,NA,NA,NA,1,51,0,"sem_coleta_de_api_html_sem_texto_renderizado","instancia SAPL nunca consultada por API (fora do inventario sapl_municipal); so ha HTML em cache"
"B_marcador_sapl_no_html","SP","61069","Motuca","camaramotuca.sp.gov.br",NA,NA,NA,NA,1,1,0,"sem_coleta_de_api_html_sem_texto_renderizado","instancia SAPL nunca consultada por API (fora do inventario sapl_municipal); so ha HTML em cache"
"B_marcador_sapl_no_html","SP","61417","Andradina","camaraandradina.sp.gov.br",NA,NA,NA,NA,1,1,0,"sem_coleta_de_api_html_sem_texto_renderizado","instancia SAPL nunca consultada por API (fora do inventario sapl_municipal); so ha HTML em cache"
"B_marcador_sapl_no_html","SP","61450","Anhembi","camaraanhembi.sp.gov.br",NA,NA,NA,NA,1,1,0,"sem_coleta_de_api_html_sem_texto_renderizado","instancia SAPL nunca consultada por API (fora do inventario sapl_municipal); so ha HTML em cache"
"B_marcador_sapl_no_html","SP","61549","Vargem","camaravargem.sp.gov.br",NA,NA,NA,NA,2,2525,0,"sem_coleta_de_api_html_sem_lista_de_parlamentares","instancia SAPL nunca consultada por API (fora do inventario sapl_municipal); so ha HTML em cache"
"B_marcador_sapl_no_html","SP","61727","Hortolândia","www.hortolandia.sp.leg.br",NA,NA,NA,NA,2,4694,0,"sem_coleta_de_api_html_sem_lista_de_parlamentares","instancia SAPL nunca consultada por API (fora do inventario sapl_municipal); so ha HTML em cache"
"B_marcador_sapl_no_html","SP","61794","Assis","www.assis.sp.leg.br",NA,NA,NA,NA,2,2454,0,"sem_coleta_de_api_html_sem_lista_de_parlamentares","instancia SAPL nunca consultada por API (fora do inventario sapl_municipal); so ha HTML em cache"
"B_marcador_sapl_no_html","SP","62081","Brejo Alegre","camarabrejoalegre.sp.gov.br",NA,NA,NA,NA,1,1,0,"sem_coleta_de_api_html_sem_texto_renderizado","instancia SAPL nunca consultada por API (fora do inventario sapl_municipal); so ha HTML em cache"
"B_marcador_sapl_no_html","SP","63398","Clementina","camaraclementina.sp.gov.br",NA,NA,NA,NA,1,1,0,"sem_coleta_de_api_html_sem_texto_renderizado","instancia SAPL nunca consultada por API (fora do inventario sapl_municipal); so ha HTML em cache"
"B_marcador_sapl_no_html","SP","64190","Floreal","camarafloreal.sp.gov.br",NA,NA,NA,NA,1,1,0,"sem_coleta_de_api_html_sem_texto_renderizado","instancia SAPL nunca consultada por API (fora do inventario sapl_municipal); so ha HTML em cache"
"B_marcador_sapl_no_html","SP","64378","Gastão Vidigal","camaragastaovidigal.sp.gov.br",NA,NA,NA,NA,1,1,0,"sem_coleta_de_api_html_sem_texto_renderizado","instancia SAPL nunca consultada por API (fora do inventario sapl_municipal); so ha HTML em cache"
"B_marcador_sapl_no_html","SP","64432","Glicério","glicerio.sp.leg.br",NA,NA,NA,NA,2,6231,9,"sem_coleta_de_api_html_com_lista_recuperada","instancia SAPL nunca consultada por API (fora do inventario sapl_municipal); so ha HTML em cache"
"B_marcador_sapl_no_html","SP","65110","Indaiatuba","indaiatuba.sp.leg.br",NA,NA,NA,NA,3,4918,0,"sem_coleta_de_api_html_sem_lista_de_parlamentares","instancia SAPL nunca consultada por API (fora do inventario sapl_municipal); so ha HTML em cache"
"B_marcador_sapl_no_html","SP","65277","Ipuã","camaraipua.sp.gov.br",NA,NA,NA,NA,1,1,0,"sem_coleta_de_api_html_sem_texto_renderizado","instancia SAPL nunca consultada por API (fora do inventario sapl_municipal); so ha HTML em cache"
"B_marcador_sapl_no_html","SP","65633","Itaquaquecetuba","camaraitaquaquecetuba.sp.gov.br",NA,NA,NA,NA,1,1,0,"sem_coleta_de_api_html_sem_texto_renderizado","instancia SAPL nunca consultada por API (fora do inventario sapl_municipal); so ha HTML em cache"
"B_marcador_sapl_no_html","SP","65811","Itupeva","itupeva.sp.leg.br",NA,NA,NA,NA,19,3105,24,"sem_coleta_de_api_html_com_lista_recuperada","instancia SAPL nunca consultada por API (fora do inventario sapl_municipal); so ha HTML em cache"
"B_marcador_sapl_no_html","SP","65870","Jaboticabal","www.jaboticabal.sp.leg.br",NA,NA,NA,NA,3,3438,0,"sem_coleta_de_api_html_sem_lista_de_parlamentares","instancia SAPL nunca consultada por API (fora do inventario sapl_municipal); so ha HTML em cache"
"B_marcador_sapl_no_html","SP","66150","José Bonifácio","camarajosebonifacio.sp.gov.br",NA,NA,NA,NA,1,1,0,"sem_coleta_de_api_html_sem_texto_renderizado","instancia SAPL nunca consultada por API (fora do inventario sapl_municipal); so ha HTML em cache"
"B_marcador_sapl_no_html","SP","66214","Junqueirópolis","cmjunqueiropolis.sp.gov.br",NA,NA,NA,NA,1,1,0,"sem_coleta_de_api_html_sem_texto_renderizado","instancia SAPL nunca consultada por API (fora do inventario sapl_municipal); so ha HTML em cache"
"B_marcador_sapl_no_html","SP","66435","Lins","camaralins.sp.gov.br",NA,NA,NA,NA,1,1,0,"sem_coleta_de_api_html_sem_texto_renderizado","instancia SAPL nunca consultada por API (fora do inventario sapl_municipal); so ha HTML em cache"
"B_marcador_sapl_no_html","SP","66818","Marília","www.marilia.sp.leg.br",NA,NA,NA,NA,2,3038,0,"sem_coleta_de_api_html_sem_lista_de_parlamentares","instancia SAPL nunca consultada por API (fora do inventario sapl_municipal); so ha HTML em cache"
"B_marcador_sapl_no_html","SP","66877","Matão","camaramatao.sp.gov.br",NA,NA,NA,NA,1,1,0,"sem_coleta_de_api_html_sem_texto_renderizado","instancia SAPL nunca consultada por API (fora do inventario sapl_municipal); so ha HTML em cache"
"B_marcador_sapl_no_html","SP","67091","Mirassolândia","camaramirassolandia.sp.gov.br",NA,NA,NA,NA,1,1,0,"sem_coleta_de_api_html_sem_texto_renderizado","instancia SAPL nunca consultada por API (fora do inventario sapl_municipal); so ha HTML em cache"
"B_marcador_sapl_no_html","SP","67156","Mogi Guaçu","camaramogiguacu.sp.gov.br",NA,NA,NA,NA,1,5578,0,"sem_coleta_de_api_html_sem_lista_de_parlamentares","instancia SAPL nunca consultada por API (fora do inventario sapl_municipal); so ha HTML em cache"
"B_marcador_sapl_no_html","SP","67210","Monções","camaramoncoes.sp.gov.br",NA,NA,NA,NA,1,1,0,"sem_coleta_de_api_html_sem_texto_renderizado","instancia SAPL nunca consultada por API (fora do inventario sapl_municipal); so ha HTML em cache"
"B_marcador_sapl_no_html","SP","67539","Nhandeara","camaranhandeara.sp.gov.br",NA,NA,NA,NA,1,1,0,"sem_coleta_de_api_html_sem_texto_renderizado","instancia SAPL nunca consultada por API (fora do inventario sapl_municipal); so ha HTML em cache"
"B_marcador_sapl_no_html","SP","68691","Piquerobi","cmpiquerobi.sp.gov.br",NA,NA,NA,NA,1,1,0,"sem_coleta_de_api_html_sem_texto_renderizado","instancia SAPL nunca consultada por API (fora do inventario sapl_municipal); so ha HTML em cache"
"B_marcador_sapl_no_html","SP","68870","Pirassununga","camarapirassununga.sp.gov.br",NA,NA,NA,NA,1,8637,0,"sem_coleta_de_api_html_sem_lista_de_parlamentares","instancia SAPL nunca consultada por API (fora do inventario sapl_municipal); so ha HTML em cache"
"B_marcador_sapl_no_html","SP","69078","Pontes Gestal","pontesgestal.sp.leg.br",NA,NA,NA,NA,2,4565,9,"sem_coleta_de_api_html_com_lista_recuperada","instancia SAPL nunca consultada por API (fora do inventario sapl_municipal); so ha HTML em cache"
"B_marcador_sapl_no_html","SP","69337","Promissão","camarapromissao.sp.gov.br",NA,NA,NA,NA,1,1,0,"sem_coleta_de_api_html_sem_texto_renderizado","instancia SAPL nunca consultada por API (fora do inventario sapl_municipal); so ha HTML em cache"
"B_marcador_sapl_no_html","SP","69370","Queiroz","camaraqueiroz.sp.gov.br",NA,NA,NA,NA,1,1,0,"sem_coleta_de_api_html_sem_texto_renderizado","instancia SAPL nunca consultada por API (fora do inventario sapl_municipal); so ha HTML em cache"
"B_marcador_sapl_no_html","SP","69418","Quintana","camaraquintana.sp.gov.br",NA,NA,NA,NA,1,1,0,"sem_coleta_de_api_html_sem_texto_renderizado","instancia SAPL nunca consultada por API (fora do inventario sapl_municipal); so ha HTML em cache"
"B_marcador_sapl_no_html","SP","69639","Ribeirão Corrente","camararibeiraocorrente.sp.gov.br",NA,NA,NA,NA,1,2722,0,"sem_coleta_de_api_html_sem_lista_de_parlamentares","instancia SAPL nunca consultada por API (fora do inventario sapl_municipal); so ha HTML em cache"
"B_marcador_sapl_no_html","SP","69710","Riversul","camarariversul.sp.gov.br",NA,NA,NA,NA,1,1,0,"sem_coleta_de_api_html_sem_texto_renderizado","instancia SAPL nunca consultada por API (fora do inventario sapl_municipal); so ha HTML em cache"
"B_marcador_sapl_no_html","SP","69850","Riolândia","riolandia.sp.leg.br",NA,NA,NA,NA,2,5149,9,"sem_coleta_de_api_html_com_lista_recuperada","instancia SAPL nunca consultada por API (fora do inventario sapl_municipal); so ha HTML em cache"
"B_marcador_sapl_no_html","SP","70777","São Caetano do Sul","www.saocaetanodosul.sp.leg.br",NA,NA,NA,NA,1,4518,0,"sem_coleta_de_api_html_sem_lista_de_parlamentares","instancia SAPL nunca consultada por API (fora do inventario sapl_municipal); so ha HTML em cache"
"B_marcador_sapl_no_html","SP","71250","Sarutaiá","camarasarutaia.sp.gov.br",NA,NA,NA,NA,3,1,0,"sem_coleta_de_api_html_sem_texto_renderizado","instancia SAPL nunca consultada por API (fora do inventario sapl_municipal); so ha HTML em cache"
"B_marcador_sapl_no_html","SP","71277","Sebastianópolis do Sul","camarasebastianopolisdosul.sp.gov.br",NA,NA,NA,NA,1,1,0,"sem_coleta_de_api_html_sem_texto_renderizado","instancia SAPL nunca consultada por API (fora do inventario sapl_municipal); so ha HTML em cache"
"B_marcador_sapl_no_html","SP","71676","Tambaú","camaratambau.sp.gov.br",NA,NA,NA,NA,1,1,0,"sem_coleta_de_api_html_sem_texto_renderizado","instancia SAPL nunca consultada por API (fora do inventario sapl_municipal); so ha HTML em cache"
"B_marcador_sapl_no_html","SP","71838","Taubaté","camarataubate.sp.gov.br",NA,NA,NA,NA,1,1,0,"sem_coleta_de_api_html_sem_texto_renderizado","instancia SAPL nunca consultada por API (fora do inventario sapl_municipal); so ha HTML em cache"
"B_marcador_sapl_no_html","SP","71854","Tejupá","camaratejupa.sp.gov.br",NA,NA,NA,NA,1,2356,0,"sem_coleta_de_api_html_sem_lista_de_parlamentares","instancia SAPL nunca consultada por API (fora do inventario sapl_municipal); so ha HTML em cache"
"B_marcador_sapl_no_html","SP","71897","Terra Roxa","camaraterraroxa.sp.gov.br",NA,NA,NA,NA,1,1,0,"sem_coleta_de_api_html_sem_texto_renderizado","instancia SAPL nunca consultada por API (fora do inventario sapl_municipal); so ha HTML em cache"
"B_marcador_sapl_no_html","SP","72230","Valentim Gentil","camaravalentimgentil.sp.gov.br",NA,NA,NA,NA,1,1,0,"sem_coleta_de_api_html_sem_texto_renderizado","instancia SAPL nunca consultada por API (fora do inventario sapl_municipal); so ha HTML em cache"
