tipo_pareamento,qid,url,nome_wikidata,nome_completo,dt_nascimento,cargo,uf,inicio,fim,id_pessoa_bocel,nome_bocel,nasc_bocel,id_mandato_bocel,nasc_igual,tokens_contidos
tokens_rotulo+nascimento,Q116452715,https://www.wikidata.org/wiki/Q116452715,Elton Welter,,1968-11-23,DEPUTADO ESTADUAL,PR,2003-02-01,2011-01-31,BOCEL0159821,ELTON CARLOS WELTER,1968-11-23,M2006_PR_7_13166_10261,TRUE,TRUE
tokens_rotulo+nascimento,Q10281001,https://www.wikidata.org/wiki/Q10281001,Felipe Peixoto,,1977-04-11,DEPUTADO ESTADUAL,RJ,,,BOCEL0221570,FELIPE DOS SANTOS PEIXOTO,1977-04-11,,TRUE,TRUE
tokens_rotulo+nascimento,Q13164197,https://www.wikidata.org/wiki/Q13164197,Lúcio Alcântara,,1943-05-16,VICE-GOVERNADOR,CE,,,BOCEL0001711,LÚCIO GONÇALO DE ALCÂNTARA,1943-05-16,,TRUE,TRUE
tokens_rotulo+nascimento,Q64846714,https://www.wikidata.org/wiki/Q64846714,Roberto,,1980-06-17,DEPUTADO ESTADUAL,BA,2023-01-01,2024-12-01,BOCEL0220856,PABLO ROBERTO GONÇALVES DA SILVA,1980-06-17,M2022_BA_7_45100_50001613913,TRUE,TRUE
tokens_rotulo+nascimento,Q59205095,https://www.wikidata.org/wiki/Q59205095,Adolfo Viana,,1981-02-02,DEPUTADO ESTADUAL,BA,2015-02-01,2019-01-31,BOCEL0224329,ADOLFO VIANA DE CASTRO NETO,1981-02-02,M2014_BA_7_45450_50000000725,TRUE,TRUE
tokens_rotulo+nascimento,Q59205572,https://www.wikidata.org/wiki/Q59205572,Zé Raimundo Fontes,,1950-04-15,DEPUTADO ESTADUAL,BA,2015-02-01,2019-01-31,BOCEL0008393,JOSÉ RAIMUNDO FONTES,1950-04-15,M2014_BA_7_13222_50000000332,TRUE,TRUE
tokens_rotulo+nascimento,Q10270529,https://www.wikidata.org/wiki/Q10270529,Edson Duarte,,1965-11-02,DEPUTADO ESTADUAL,BA,1999-02-01,2003-01-31,BOCEL0097614,EDSON GONÇALVES DUARTE,1965-11-02,M1998_BA_7_43143_500000507431431,TRUE,TRUE
tokens_rotulo+nascimento,Q27267587,https://www.wikidata.org/wiki/Q27267587,Raquel Lyra,,1978-12-02,DEPUTADO ESTADUAL,PE,,,BOCEL0173444,RAQUEL TEIXEIRA LYRA LUCENA,1978-12-02,,TRUE,TRUE
tokens_rotulo+nascimento,Q10354022,https://www.wikidata.org/wiki/Q10354022,Priscila Krause,,1978-04-15,VICE-GOVERNADOR,PE,2023-01-01,2026-12-31,BOCEL0169243,PRISCILA KRAUSE BRANCO,1978-04-15,M2022_PE_4_45_170001728608,TRUE,TRUE
tokens_rotulo+nascimento,Q118251251,https://www.wikidata.org/wiki/Q118251251,Reinaldo Braga,,1940-05-16,DEPUTADO ESTADUAL,BA,1991-02-01,1995-01-31,BOCEL0113996,REINALDO TEIXEIRA BRAGA,1940-05-16,,TRUE,TRUE
tokens_rotulo+nascimento,Q27835874,https://www.wikidata.org/wiki/Q27835874,Otaviano Pivetta,,1959-05-10,VICE-GOVERNADOR,MT,2019-01-01,2022-12-31,BOCEL0018629,OTAVIANO OLAVO PIVETTA,1959-05-10,M2018_MT_4_25_110000612720,TRUE,TRUE
tokens_rotulo+nascimento,Q56261164,https://www.wikidata.org/wiki/Q56261164,José Lourenço,,1933-03-05,DEPUTADO ESTADUAL,BA,1979-02-01,1983-01-31,BOCEL0096784,JOSE LOURENCO MORAIS DA SILVA,1933-03-05,,TRUE,TRUE
tokens_rotulo+nascimento,Q9057108,https://www.wikidata.org/wiki/Q9057108,Paulo Hartung,,1957-04-21,GOVERNADOR,ES,2015-01-01,2019-01-01,BOCEL0003816,PAULO CESAR HARTUNG GOMES,1957-04-21,M2014_ES_3_15_80000000427,TRUE,TRUE
tokens_rotulo+nascimento,Q59205408,https://www.wikidata.org/wiki/Q59205408,José de Arimatéia,,1963-01-13,DEPUTADO ESTADUAL,BA,2023-02-01,2027-01-31,BOCEL0220346,JOSE DE ARIMATEIA CORIOLANO DE PAIVA,1963-01-13,M2022_BA_7_10456_50001619281,TRUE,TRUE
tokens_rotulo+nascimento,Q3229763,https://www.wikidata.org/wiki/Q3229763,Leonel Pavan,,1954-09-07,DEPUTADO ESTADUAL,SC,,,BOCEL0085661,LEONEL ARCANGELO PAVAN,1954-09-07,,TRUE,TRUE
tokens_rotulo+nascimento,Q61873644,https://www.wikidata.org/wiki/Q61873644,Augusto Castro,,1970-01-18,DEPUTADO ESTADUAL,BA,2015-02-01,2019-01-31,BOCEL0173665,AUGUSTO NARCISO CASTRO,1970-01-18,M2014_BA_7_45670_50000000829,TRUE,TRUE
tokens_rotulo+nascimento,Q10326642,https://www.wikidata.org/wiki/Q10326642,Marlon Santos,,1975-09-25,PREFEITO,RS,2005-01-01,2009-01-01,BOCEL0194777,MARLON ARATOR SANTOS DA ROSA,1975-09-25,M2004_85596_11_25_205,TRUE,TRUE
tokens_rotulo+nascimento,Q236503,https://www.wikidata.org/wiki/Q236503,Fernando Collor de Mello,,1949-08-12,PRESIDENTE,BR,1990-03-15,1992-10-02,BOCEL0029772,FERNANDO AFFONSO COLLOR DE MELLO,1949-08-12,,TRUE,TRUE
tokens_rotulo+nascimento,Q10305371,https://www.wikidata.org/wiki/Q10305371,Jarbas Vasconcelos,,1942-08-23,DEPUTADO ESTADUAL,,1971-01-01,1975-01-01,BOCEL0014857,JARBAS DE ANDRADE VASCONCELOS,1942-08-23,,TRUE,TRUE
tokens_rotulo+nascimento,Q18280579,https://www.wikidata.org/wiki/Q18280579,Roberto Leandro,,1959-08-28,DEPUTADO ESTADUAL,,,,BOCEL0021875,JOSÉ ROBERTO AMORIM LEANDRO,1959-08-28,,TRUE,TRUE
tokens_rotulo+nascimento,Q59205641,https://www.wikidata.org/wiki/Q59205641,Alan Sanches,,1968-01-13,DEPUTADO ESTADUAL,BA,2011-02-01,2015-01-31,BOCEL0024199,ALAN EDUARDO SANCHES DOS SANTOS,1968-01-13,M2010_BA_7_15600_50000000813,TRUE,TRUE
tokens_rotulo+nascimento,Q57092113,https://www.wikidata.org/wiki/Q57092113,Romeu Zema,,1964-10-28,GOVERNADOR,MG,2023-01-01,2026-12-31,BOCEL0128915,ROMEU ZEMA NETO,1964-10-28,M2022_MG_3_30_130001701690,TRUE,TRUE
tokens_rotulo+nascimento,Q10310576,https://www.wikidata.org/wiki/Q10310576,José Thomaz Nonô,,1947-08-17,VICE-GOVERNADOR,AL,,,BOCEL0019924,JOSE THOMAZ DA SILVA NONO NETTO,1947-08-17,,TRUE,TRUE
tokens_rotulo+nascimento,Q64831784,https://www.wikidata.org/wiki/Q64831784,Paulo Cezar,,1957-03-09,DEPUTADO ESTADUAL,BA,2003-02-01,2007-01-31,BOCEL0029012,PAULO CEZAR SIMOES SILVA,1957-03-09,M2002_BA_7_18789_790,TRUE,TRUE
tokens_rotulo+nascimento,Q18274955,https://www.wikidata.org/wiki/Q18274955,Fernando Gomes,,1939-06-30,PREFEITO,BA,1977-01-01,1980-12-31,BOCEL0043591,FERNANDO GOMES OLIVEIRA,1939-06-30,,TRUE,TRUE
token_rotulo+nascimento+uf+cargo,Q59246498,https://www.wikidata.org/wiki/Q59246498,Clarissa Tércio,,1984-12-26,DEPUTADO ESTADUAL,PE,2019-02-01,2023-02-01,BOCEL0201414,ERICA CLARISSA BORBA CORDEIRO DE MOURA,1984-12-26,M2018_PE_7_20100_170000603128,TRUE,FALSE
token_rotulo+nascimento+uf+cargo,Q59205564,https://www.wikidata.org/wiki/Q59205564,Leo Prates,,1978-04-05,DEPUTADO ESTADUAL,BA,2019-02-01,2023-01-31,BOCEL0218851,LEONARDO SILVA PRATES,1978-04-05,M2018_BA_7_25111_50000608561,TRUE,FALSE
token_rotulo+nascimento+uf+cargo,Q4914358,https://www.wikidata.org/wiki/Q4914358,Binho Marques,,1962-10-29,GOVERNADOR,AC,2007-01-01,2011-01-01,BOCEL0001060,ARNÓBIO MARQUES DE ALMEIDA JUNIOR,1962-10-29,M2006_AC_3_13_10027,TRUE,FALSE
token_rotulo+nascimento+uf+cargo,Q130298564,https://www.wikidata.org/wiki/Q130298564,Beto Lélis,,1956-07-19,PREFEITO,BA,1997-01-01,2000-12-31,BOCEL0020196,ADALBERTO LELIS FILHO,1956-07-19,,TRUE,FALSE
token_rotulo+nascimento+uf+cargo,Q10311202,https://www.wikidata.org/wiki/Q10311202,João Bosco (político),,1966-05-31,DEPUTADO ESTADUAL,MG,,,BOCEL0200343,JOÃO BOSCO,1966-05-31,,TRUE,FALSE
token_rotulo+nascimento+uf+cargo,Q122625832,https://www.wikidata.org/wiki/Q122625832,Capitão Tadeu,,1961-05-21,DEPUTADO ESTADUAL,BA,2011-02-01,2014-07-18,BOCEL0122750,ANTONIO TADEU NASCIMENTO FERNANDES,1961-05-21,,TRUE,FALSE
token_rotulo+nascimento+uf+cargo,Q59247787,https://www.wikidata.org/wiki/Q59247787,Capitão Samuel,,1970-02-03,DEPUTADO ESTADUAL,SE,,,BOCEL0046810,SAMUEL ALVES BARRETO,1970-02-03,,TRUE,FALSE
token_rotulo+nascimento+uf+cargo,Q122625832,https://www.wikidata.org/wiki/Q122625832,Capitão Tadeu,,1961-05-21,DEPUTADO ESTADUAL,BA,2007-02-01,2011-01-31,BOCEL0122750,ANTONIO TADEU NASCIMENTO FERNANDES,1961-05-21,M2006_BA_7_40140_10820,TRUE,FALSE
token_rotulo+nascimento+uf+cargo,Q59205665,https://www.wikidata.org/wiki/Q59205665,Laerte do Vando,,1992-05-23,DEPUTADO ESTADUAL,BA,2023-02-01,2027-01-31,BOCEL0240434,LAERTE LEANDRO DE ARAUJO FERNANDES,1992-05-23,M2022_BA_7_20777_50001604617,TRUE,FALSE
token_rotulo+nascimento+uf+cargo,Q108309017,https://www.wikidata.org/wiki/Q108309017,Gika Lopes,,1959-02-21,DEPUTADO ESTADUAL,BA,2015-02-01,2019-01-31,BOCEL0108580,GIVALDO DA SILVA LOPES,1959-02-21,M2014_BA_7_13234_50000000322,TRUE,FALSE
token_rotulo+nascimento+uf+cargo,Q116770405,https://www.wikidata.org/wiki/Q116770405,Munir Neto,,1963-10-20,DEPUTADO ESTADUAL,RJ,2023-02-01,,BOCEL0151751,MUNIR FRANCISCO,1963-10-20,M2022_RJ_7_55777_190001612214,TRUE,FALSE
token_rotulo+nascimento+uf+cargo,Q59247737,https://www.wikidata.org/wiki/Q59247737,Soldado Sampaio,,1976-05-12,DEPUTADO ESTADUAL,RR,,,BOCEL0104999,FRANCISCO DOS SANTOS SAMPAIO,1976-05-12,,TRUE,FALSE
token_rotulo+nascimento+uf+cargo,Q59245503,https://www.wikidata.org/wiki/Q59245503,Miro Sanova,,1981-12-10,DEPUTADO ESTADUAL,PA,,,BOCEL0152195,WALDEMIRO EDUARDO DE ASSIS SANOVA NASCIMENTO,1981-12-10,,TRUE,FALSE
token_rotulo+nascimento+uf+cargo,Q10382775,https://www.wikidata.org/wiki/Q10382775,Tião Miranda,,1957-04-02,PREFEITO,PA,2002-02-02,2008-12-31,BOCEL0034586,SEBASTIÃO MIRANDA FILHO,1957-04-02,M2004_04839_11_14_22,TRUE,FALSE
token_rotulo+nascimento+uf+cargo,Q10357567,https://www.wikidata.org/wiki/Q10357567,Ratinho Júnior,,1981-04-19,GOVERNADOR,PR,2019-01-01,,BOCEL0201594,CARLOS ROBERTO MASSA JUNIOR,1981-04-19,M2018_PR_3_55_160000609226,TRUE,FALSE
token_rotulo+nascimento+uf+cargo,Q18469841,https://www.wikidata.org/wiki/Q18469841,Dr. Antônio,,1962-06-04,DEPUTADO ESTADUAL,GO,,,BOCEL0066054,ANTÔNIO CARLOS CAETANO DE MORAES,1962-06-04,,TRUE,TRUE
token_rotulo+nascimento+uf+cargo,Q122625832,https://www.wikidata.org/wiki/Q122625832,Capitão Tadeu,,1961-05-21,DEPUTADO ESTADUAL,BA,1999-02-01,2003-01-31,BOCEL0122750,ANTONIO TADEU NASCIMENTO FERNANDES,1961-05-21,M1998_BA_7_40140_500000507401401,TRUE,FALSE
token_rotulo+nascimento+uf+cargo,Q125365630,https://www.wikidata.org/wiki/Q125365630,Andreia Xarão,,1975-06-17,DEPUTADO ESTADUAL,PA,2023-02-01,,BOCEL0138795,ANDREIA SERRA MELO,1975-06-17,M2022_PA_7_15123_140001676907,TRUE,FALSE
token_rotulo+nascimento+uf+cargo,Q59221100,https://www.wikidata.org/wiki/Q59221100,Professor Wendel Mesquita,,1979-11-23,DEPUTADO ESTADUAL,MG,,,BOCEL0242173,WENDEL CRISTIANO SOARES DE MESQUITA,1979-11-23,,TRUE,FALSE
token_rotulo+nascimento+uf+cargo,Q212394,https://www.wikidata.org/wiki/Q212394,Tião Viana,,1961-02-09,GOVERNADOR,AC,2011-01-01,2014-12-31,BOCEL0009795,SEBASTIÃO AFONSO VIANA MACEDO NEVES,1961-02-09,M2010_AC_3_13_10000000122,TRUE,FALSE
token_rotulo+nascimento+uf+cargo,Q117225337,https://www.wikidata.org/wiki/Q117225337,Hassan de Zé Cocá,,1969-05-25,DEPUTADO ESTADUAL,BA,2023-02-01,2027-01-31,BOCEL0173470,HASSAN ANDRADE IOSSEF,1969-05-25,M2022_BA_7_11122_50001647026,TRUE,FALSE
token_rotulo+nascimento+uf+cargo,Q17490009,https://www.wikidata.org/wiki/Q17490009,Bruno Mineiro,,1980-03-27,DEPUTADO ESTADUAL,AP,,,BOCEL0012953,BRUNO MANOEL REZENDE,1980-03-27,,TRUE,FALSE
token_rotulo+nascimento+uf+cargo,Q16337836,https://www.wikidata.org/wiki/Q16337836,Manuel Carlos Antunes,,1958-02-01,DEPUTADO ESTADUAL,PA,2011-02-01,2012-12-01,BOCEL0073830,MANOEL CARLOS ANTUNES,1958-02-01,M2010_PA_7_45451_140000000758,TRUE,FALSE
token_rotulo+nascimento+uf+cargo,Q10347451,https://www.wikidata.org/wiki/Q10347451,Pedro Fernandes Neto,,1983-04-22,DEPUTADO ESTADUAL,RJ,,,BOCEL0232116,PEDRO HENRIQUE FERNANDES DA SILVA,1983-04-22,,TRUE,FALSE
token_rotulo+nascimento+uf+cargo,Q2939291,https://www.wikidata.org/wiki/Q2939291,Beto Richa,,1965-07-29,GOVERNADOR,PR,2015-01-01,,BOCEL0007902,CARLOS ALBERTO RICHA,1965-07-29,M2014_PR_3_45_160000000558,TRUE,FALSE
nome_completo+nascimento,Q27839476,https://www.wikidata.org/wiki/Q27839476,Lísias de Araújo Tomé,,1961-05-13,PREFEITO,,,,BOCEL0012654,LISIAS DE ARAUJO TOME,1961-05-13,,TRUE,TRUE
nome_completo+nascimento,Q59221271,https://www.wikidata.org/wiki/Q59221271,Ana Paula Siqueira,,1980-02-02,DEPUTADO ESTADUAL,MG,,,BOCEL0241462,ANA PAULA SIQUEIRA,1980-02-02,,TRUE,TRUE
nome_completo+nascimento,Q1860610,https://www.wikidata.org/wiki/Q1860610,Sérgio Cabral Filho,Sérgio de Oliveira Cabral Santos Filho,1963-01-27,GOVERNADOR,RJ,,,BOCEL0013636,SERGIO DE OLIVEIRA CABRAL SANTOS FILHO,1963-01-27,,TRUE,TRUE
nome_completo+nascimento,Q57965921,https://www.wikidata.org/wiki/Q57965921,Cláudio Castro,Cláudio Bomfim de Castro e Silva,1979-03-29,GOVERNADOR,RJ,2023-01-01,2026-12-31,BOCEL0225377,CLÁUDIO BOMFIM DE CASTRO E SILVA,1979-03-29,M2022_RJ_3_22_190001615753,TRUE,TRUE
nome_completo+nascimento,Q10336120,https://www.wikidata.org/wiki/Q10336120,Nelson Trad,,1930-10-30,DEPUTADO ESTADUAL,MS,1983-01-01,1991-01-01,BOCEL0014321,NELSON TRAD,1930-10-30,,TRUE,TRUE
nome_completo+nascimento,Q30932234,https://www.wikidata.org/wiki/Q30932234,Eligio Alves de Almeida,,1956-06-17,DEPUTADO ESTADUAL,,,,BOCEL0018408,ELIGIO ALVES DE ALMEIDA,1956-06-17,,TRUE,TRUE
nome_completo+nascimento,Q10347566,https://www.wikidata.org/wiki/Q10347566,Pedro Lucas Rodrigues,,1963-12-01,PREFEITO,,,,BOCEL0071361,PEDRO LUCAS RODRIGUES,1963-12-01,,TRUE,TRUE
nome_completo+nascimento,Q10347757,https://www.wikidata.org/wiki/Q10347757,Pedro Serafim Júnior,,1962-11-21,PREFEITO,SP,2011-10-21,2011-11-03,BOCEL0074766,PEDRO SERAFIM JÚNIOR,1962-11-21,,TRUE,TRUE
nome_completo+nascimento,Q9581038,https://www.wikidata.org/wiki/Q9581038,Acir dos Santos,,1972-03-13,PREFEITO,,,,BOCEL0260914,ACIR DOS SANTOS,1972-03-13,,TRUE,TRUE
nome_completo+nascimento,Q10325547,https://www.wikidata.org/wiki/Q10325547,Marcus Vinícius de Vasconcelos Ferreira,,1973-02-12,DEPUTADO ESTADUAL,RJ,,,BOCEL0211141,MARCUS VINICIUS DE VASCONCELOS FERREIRA,1973-02-12,,TRUE,TRUE
nome_completo+nascimento,Q20046052,https://www.wikidata.org/wiki/Q20046052,Moacir Tostes de Oliveira,,1950-07-16,PREFEITO,,,,BOCEL0209097,MOACIR TOSTES DE OLIVEIRA,1950-07-16,,TRUE,TRUE
nome_completo+nascimento,Q47468482,https://www.wikidata.org/wiki/Q47468482,Henrique César Pereira,,1979-02-16,DEPUTADO ESTADUAL,GO,,,BOCEL0140367,HENRIQUE CÉSAR PEREIRA,1979-02-16,,TRUE,TRUE
nome_completo+nascimento,Q923927,https://www.wikidata.org/wiki/Q923927,Jaime Lerner,,1937-12-17,GOVERNADOR,PR,1995-01-01,1998-12-31,BOCEL0160240,JAIME LERNER,1937-12-17,,TRUE,TRUE
nome_completo+nascimento,Q97161827,https://www.wikidata.org/wiki/Q97161827,Vitor Bonfim,Joao Vitor de Castro Lino Bonfim,1981-07-25,DEPUTADO ESTADUAL,BA,2015-02-01,2019-01-31,BOCEL0222425,JOÃO VITOR DE CASTRO LINO BONFIM,1981-07-25,M2014_BA_7_12700_50000000285,TRUE,TRUE
nome_completo+nascimento,Q27836038,https://www.wikidata.org/wiki/Q27836038,José Luiz Nanci,,1952-06-11,PREFEITO,,,,BOCEL0142112,JOSÉ LUIZ NANCI,1952-06-11,,TRUE,TRUE
nome_completo+nascimento,Q463533,https://www.wikidata.org/wiki/Q463533,Michel Temer,Michel Miguel Elias Temer Lulia,1940-09-23,VICE-PRESIDENTE,BR,2011-01-01,2014-12-31,BOCEL0008267,MICHEL MIGUEL ELIAS TEMER LULIA,1940-09-23,M2010_BR_2_13_280000000006,TRUE,TRUE
nome_completo+nascimento,Q10320762,https://www.wikidata.org/wiki/Q10320762,Luiz Goularte Alves,,1962-06-06,PREFEITO,,,,BOCEL0156716,LUIZ GOULARTE ALVES,1962-06-06,,TRUE,TRUE
nome_completo+nascimento,Q10264203,https://www.wikidata.org/wiki/Q10264203,Darcy Humberto Michiles,,1952-12-14,DEPUTADO ESTADUAL,AM,,,BOCEL0005364,DARCY HUMBERTO MICHILES,1952-12-14,,TRUE,TRUE
nome_completo+nascimento,Q9025833,https://www.wikidata.org/wiki/Q9025833,Lídice da Mata,Lídice da Mata e Souza,1956-03-12,DEPUTADO ESTADUAL,BA,2003-02-01,2007-01-31,BOCEL0150950,LÍDICE DA MATA E SOUZA,1956-03-12,M2002_BA_7_40044_1214,TRUE,TRUE
nome_completo+nascimento,Q59247821,https://www.wikidata.org/wiki/Q59247821,Jorge Frederico,,1981-11-28,DEPUTADO ESTADUAL,TO,,,BOCEL0135610,JORGE FREDERICO,1981-11-28,,TRUE,TRUE
nome_completo+nascimento,Q16336276,https://www.wikidata.org/wiki/Q16336276,Alceu Barbosa Velho,,1957-08-13,DEPUTADO ESTADUAL,,,,BOCEL0032061,ALCEU BARBOSA VELHO,1957-08-13,,TRUE,TRUE
nome_completo+nascimento,Q10330121,https://www.wikidata.org/wiki/Q10330121,Milton Hobus,,1958-08-28,DEPUTADO ESTADUAL,SC,,,BOCEL0052942,MILTON HOBUS,1958-08-28,,TRUE,TRUE
nome_completo+nascimento,Q16491350,https://www.wikidata.org/wiki/Q16491350,Antônio Carlos da Silva,,1957-04-04,PREFEITO,,,,BOCEL0118944,ANTÔNIO CARLOS DA SILVA,1957-04-04,,TRUE,TRUE
nome_completo+nascimento,Q57965921,https://www.wikidata.org/wiki/Q57965921,Cláudio Castro,Cláudio Bomfim de Castro e Silva,1979-03-29,VICE-GOVERNADOR,RJ,2019-01-01,2021-04-30,BOCEL0225377,CLÁUDIO BOMFIM DE CASTRO E SILVA,1979-03-29,M2018_RJ_4_20_190000612303,TRUE,TRUE
nome_completo+nascimento,Q252591,https://www.wikidata.org/wiki/Q252591,Olívio Dutra,Olívio de Oliveira Dutra,1941-06-10,GOVERNADOR,RS,1999-01-01,2003-01-01,BOCEL0148371,OLIVIO DE OLIVEIRA DUTRA,1941-06-10,M1998_RS_3_13_210002103000131,TRUE,TRUE
tokens_rotulo+uf+cargo+ano,Q123007225,https://www.wikidata.org/wiki/Q123007225,Vespasiano Santos,,1942-04-19,DEPUTADO ESTADUAL,BA,1999-02-01,2003-01-31,BOCEL0102461,VESPASIANO GOMES DOS SANTOS,1947-04-19,M1998_BA_7_25160_500000507251601,FALSE,TRUE
tokens_rotulo+uf+cargo+ano,Q48946817,https://www.wikidata.org/wiki/Q48946817,Juliana Oliveira,,,DEPUTADO ESTADUAL,AC,2015-01-01,,BOCEL0002926,JULIANA RODRIGUES DE OLIVEIRA,1959-03-30,M2014_AC_7_10123_10000000240,FALSE,TRUE
tokens_rotulo+uf+cargo+ano,Q59205655,https://www.wikidata.org/wiki/Q59205655,Pedro Tavares,,1976-01-25,DEPUTADO ESTADUAL,BA,2023-02-01,,BOCEL0212039,PEDRO PAULO TAVARES BATISTA DE MELLO E SILVA,1976-10-25,M2022_BA_7_44000_50001648327,FALSE,TRUE
tokens_rotulo+uf+cargo+ano,Q61000432,https://www.wikidata.org/wiki/Q61000432,Daniela Reinehr,,1977-01-01,VICE-GOVERNADOR,SC,2019-01-01,2022-12-31,BOCEL0132817,DANIELA CRISTINA REINEHR,1977-04-04,M2018_SC_4_17_240000609725,FALSE,TRUE
tokens_rotulo+uf+cargo+ano,Q48946985,https://www.wikidata.org/wiki/Q48946985,Jonas Lima,,,DEPUTADO ESTADUAL,AC,2015-01-01,,BOCEL0006183,JONAS DE SOUZA LIMA,1962-02-03,M2010_AC_7_13012_10000000273,FALSE,TRUE
tokens_rotulo+uf+cargo+ano,Q118301948,https://www.wikidata.org/wiki/Q118301948,Carlos Ubaldino,,1948-12-06,DEPUTADO ESTADUAL,BA,2007-02-01,2011-01-31,BOCEL0077243,CARLOS UBALDINO DE SANTANA,1948-06-12,M2006_BA_7_20123_10666,FALSE,TRUE
tokens_rotulo+uf+cargo+ano,Q10329487,https://www.wikidata.org/wiki/Q10329487,Michel Hagge,,1927-05-12,DEPUTADO ESTADUAL,BA,2003-02-01,2004-12-01,BOCEL0016165,MICHEL JOSÉ HAGGE FILHO,1927-12-05,M2002_BA_7_15154_561,FALSE,TRUE
tokens_rotulo+uf+cargo+ano,Q10315552,https://www.wikidata.org/wiki/Q10315552,Laerte Tetila,,,PREFEITO,MS,2001-01-01,2004-12-31,BOCEL0007917,JOSE LAERTE CECILIO TETILA,1947-07-07,M2000_90735_11_13_1,FALSE,TRUE
tokens_rotulo+uf+cargo+ano,Q59205437,https://www.wikidata.org/wiki/Q59205437,Marcelino Galo,,1956-01-01,DEPUTADO ESTADUAL,BA,2015-02-01,2019-01-31,BOCEL0145581,MARCELINO ANTÔNIO MARTINS GALO,1956-03-04,M2014_BA_7_13140_50000000339,FALSE,TRUE
tokens_rotulo+uf+cargo+ano,Q56346750,https://www.wikidata.org/wiki/Q56346750,Ângelo Coronel,,1958-01-01,DEPUTADO ESTADUAL,BA,2015-02-01,2019-01-31,BOCEL0123798,ANGELO MARIO CORONEL DE AZEVEDO MARTINS,1958-05-03,M2014_BA_7_55255_50000000399,FALSE,TRUE
tokens_rotulo+uf+cargo+ano,Q48946788,https://www.wikidata.org/wiki/Q48946788,Gehlen Diniz,,,DEPUTADO ESTADUAL,AC,2015-01-01,,BOCEL0008822,GEHLEN DINIZ ANDRADE,1974-04-08,M2014_AC_7_11111_10000000303,FALSE,TRUE
tokens_rotulo+uf+cargo+ano,Q37181,https://www.wikidata.org/wiki/Q37181,Luiz Inácio Lula da Silva,Luiz Inácio da Silva,1945-10-27,PRESIDENTE,BR,2023-01-01,,BOCEL0237804,LUIZ INÁCIO LULA DA SILVA,1945-10-06,M2022_BR_1_13_280001607829,FALSE,TRUE
tokens_rotulo+uf+cargo+ano,Q106548008,https://www.wikidata.org/wiki/Q106548008,Temoteo Brito,,1941-09-11,DEPUTADO ESTADUAL,BA,2011-02-01,2015-01-31,BOCEL0167584,TEMOTEO ALVES DE BRITO,1941-11-09,M2010_BA_7_15155_50000000911,FALSE,TRUE
tokens_rotulo+uf+cargo+ano,Q37181,https://www.wikidata.org/wiki/Q37181,Luiz Inácio Lula da Silva,Luiz Inácio da Silva,1945-10-27,PRESIDENTE,BR,2007-01-01,2010-12-31,BOCEL0237804,LUIZ INÁCIO LULA DA SILVA,1945-10-06,M2006_BR_1_13_23,FALSE,TRUE
tokens_rotulo+uf+cargo+ano,Q111507,https://www.wikidata.org/wiki/Q111507,Amazonino Mendes,,1939-11-16,GOVERNADOR,AM,1999-01-01,2003-01-01,BOCEL0020368,AMAZONINO ARMANDO MENDES,1939-11-19,M1998_AM_3_25_400000403000251,FALSE,TRUE
tokens_rotulo+uf+cargo+ano,Q59205416,https://www.wikidata.org/wiki/Q59205416,Euclides Fernandes,,1947-10-16,DEPUTADO ESTADUAL,BA,2011-02-01,2015-01-31,BOCEL0057520,EUCLIDES NUNES FERNANDES,1947-10-17,M2010_BA_7_12393_50000001205,FALSE,TRUE
tokens_rotulo+uf+cargo+ano,Q59204024,https://www.wikidata.org/wiki/Q59204024,Marcelo Nilo,,1955-01-01,DEPUTADO ESTADUAL,BA,1999-02-01,2003-01-31,BOCEL0028263,JOSÉ MARCELO DO NASCIMENTO NILO,1955-04-26,M1998_BA_7_45110_500000507451101,FALSE,TRUE
tokens_rotulo+uf+cargo+ano,Q7521412,https://www.wikidata.org/wiki/Q7521412,Simão Jatene,,1949-04-01,GOVERNADOR,PA,2015-01-01,2019-01-01,BOCEL0003639,SIMÃO ROBISON OLIVEIRA JATENE,1949-04-02,M2014_PA_3_45_140000000828,FALSE,TRUE
tokens_rotulo+uf+cargo+ano,Q94787010,https://www.wikidata.org/wiki/Q94787010,Laurez Moreira,,1957-03-07,VICE-GOVERNADOR,TO,2023-01-01,2026-12-31,BOCEL0070321,LAUREZ DA ROCHA MOREIRA,1957-07-03,M2022_TO_4_10_270001652199,FALSE,TRUE
tokens_rotulo+uf+cargo+ano,Q56346750,https://www.wikidata.org/wiki/Q56346750,Ângelo Coronel,,1958-01-01,DEPUTADO ESTADUAL,BA,2011-02-01,2015-01-31,BOCEL0123798,ANGELO MARIO CORONEL DE AZEVEDO MARTINS,1958-05-03,M2010_BA_7_11456_50000001182,FALSE,TRUE
tokens_rotulo+uf+cargo+ano,Q121252704,https://www.wikidata.org/wiki/Q121252704,Michelle Melo,,,DEPUTADO ESTADUAL,AC,2024-02-01,,BOCEL0017457,MICHELLE DE OLIVEIRA MELO WICIUK,1984-06-01,M2022_AC_7_12555_10001622769,FALSE,TRUE
tokens_rotulo+uf+cargo+ano,Q64848147,https://www.wikidata.org/wiki/Q64848147,Suzana Ramos,,1966-07-31,PREFEITO,BA,2021-01-01,2024-12-31,BOCEL0093307,SUZANA ALEXANDRE DE CARVALHO RAMOS,1966-07-30,M2020_36692_11_45_50000708921,FALSE,TRUE
tokens_rotulo+uf+cargo+ano,Q48946774,https://www.wikidata.org/wiki/Q48946774,Nicolau Júnior,,1984-01-01,DEPUTADO ESTADUAL,AC,2015-01-01,,BOCEL0020891,NICOLAU CANDIDO DA SILVA JUNIOR,1984-09-08,M2014_AC_7_11122_10000000306,FALSE,TRUE
tokens_rotulo+uf+cargo+ano,Q48946830,https://www.wikidata.org/wiki/Q48946830,Maria Antônia Barbosa,,,DEPUTADO ESTADUAL,AC,2015-01-01,,BOCEL0006311,MARIA ANTÔNIA PINHEIRO BARBOSA,1969-12-06,M2010_AC_7_11125_10000000622,FALSE,TRUE
tokens_rotulo+uf+cargo+ano,Q59205416,https://www.wikidata.org/wiki/Q59205416,Euclides Fernandes,,1947-10-16,DEPUTADO ESTADUAL,BA,2019-02-01,2023-01-31,BOCEL0057520,EUCLIDES NUNES FERNANDES,1947-10-17,M2018_BA_7_12393_50000608020,FALSE,TRUE
nome+uf+cargo+ano,Q27267630,https://www.wikidata.org/wiki/Q27267630,Délia Razuk,Délia Godoy Razuk,1955-12-06,PREFEITO,MS,2017-01-01,,BOCEL0007933,DÉLIA GODOY RAZUK,1955-12-02,M2016_90735_11_22_120000004478,FALSE,TRUE
nome+uf+cargo+ano,Q25176041,https://www.wikidata.org/wiki/Q25176041,Ronaldo Carletto,,1960-06-05,DEPUTADO ESTADUAL,BA,2003-02-01,2007-01-31,BOCEL0019278,RONALDO CARLETTO,1960-01-05,M2002_BA_7_11234_160,FALSE,TRUE
nome+uf+cargo+ano,Q25176041,https://www.wikidata.org/wiki/Q25176041,Ronaldo Carletto,,1960-06-05,DEPUTADO ESTADUAL,BA,2007-02-01,2011-01-31,BOCEL0019278,RONALDO CARLETTO,1960-01-05,M2006_BA_7_11234_10278,FALSE,TRUE
nome+uf+cargo+ano,Q25176041,https://www.wikidata.org/wiki/Q25176041,Ronaldo Carletto,,1960-06-05,DEPUTADO ESTADUAL,BA,2011-02-01,2015-01-31,BOCEL0019278,RONALDO CARLETTO,1960-01-05,M2010_BA_7_11234_50000001260,FALSE,TRUE
nome+uf+cargo+ano,Q29599348,https://www.wikidata.org/wiki/Q29599348,Martins Dias de Oliveira,,,PREFEITO,MT,2017-01-01,2020-01-01,BOCEL0020177,MARTINS DIAS DE OLIVEIRA,1962-10-18,M2016_98876_11_15_110000003945,FALSE,TRUE
nome+uf+cargo+ano,Q59284437,https://www.wikidata.org/wiki/Q59284437,Darci Piana,,1941-01-01,VICE-GOVERNADOR,PR,2019-01-01,2022-12-31,BOCEL0021688,DARCI PIANA,1941-12-24,M2018_PR_4_55_160000609230,FALSE,TRUE
nome+uf+cargo+ano,Q59284437,https://www.wikidata.org/wiki/Q59284437,Darci Piana,,1941-01-01,VICE-GOVERNADOR,PR,2023-01-01,2026-12-31,BOCEL0021688,DARCI PIANA,1941-12-24,M2022_PR_4_55_160001614468,FALSE,TRUE
nome+uf+cargo+ano,Q60392579,https://www.wikidata.org/wiki/Q60392579,Tarcísio de Freitas,Tarcísio Gomes de Freitas,1975-08-19,GOVERNADOR,SP,2023-01-01,,BOCEL0050513,TARCISIO GOMES DE FREITAS,1975-06-19,M2022_SP_3_10_250001615967,FALSE,TRUE
nome+uf+cargo+ano,Q60392579,https://www.wikidata.org/wiki/Q60392579,Tarcísio de Freitas,Tarcísio Gomes de Freitas,1975-08-19,GOVERNADOR,SP,2023-01-01,2026-12-31,BOCEL0050513,TARCISIO GOMES DE FREITAS,1975-06-19,M2022_SP_3_10_250001615967,FALSE,TRUE
nome+uf+cargo+ano,Q29907489,https://www.wikidata.org/wiki/Q29907489,Mauro Rosa da Silva,,,PREFEITO,MT,2017-01-01,2020-01-01,BOCEL0057904,MAURO ROSA DA SILVA,1964-06-14,M2016_91910_11_55_110000009178,FALSE,TRUE
nome+uf+cargo+ano,Q5964218,https://www.wikidata.org/wiki/Q5964218,Hélio de Oliveira Santos,,1950-09-07,PREFEITO,SP,2005-01-01,2008-12-31,BOCEL0076061,HÉLIO DE OLIVEIRA SANTOS,1950-09-06,M2004_62910_11_12_225,FALSE,TRUE
nome+uf+cargo+ano,Q5964218,https://www.wikidata.org/wiki/Q5964218,Hélio de Oliveira Santos,,1950-09-07,PREFEITO,SP,2009-01-01,2011-08-22,BOCEL0076061,HÉLIO DE OLIVEIRA SANTOS,1950-09-06,M2008_62910_11_12_25121,FALSE,TRUE
nome+uf+cargo+ano,Q94994353,https://www.wikidata.org/wiki/Q94994353,Maurício Trindade,Maurício Gonçalves Trindade,1962-04-10,DEPUTADO ESTADUAL,BA,2003-02-01,2007-01-31,BOCEL0125292,MAURÍCIO GONÇALVES TRINDADE,1962-09-10,M2002_BA_7_18700_770,FALSE,TRUE
nome+uf+cargo+ano,Q10294958,https://www.wikidata.org/wiki/Q10294958,Heraldo Eduardo Rocha,,1942-01-25,DEPUTADO ESTADUAL,BA,1999-02-01,2003-01-31,BOCEL0149205,HERALDO EDUARDO ROCHA,1942-02-25,M1998_BA_7_25155_500000507251551,FALSE,TRUE
nome+uf+cargo+ano,Q10294958,https://www.wikidata.org/wiki/Q10294958,Heraldo Eduardo Rocha,,1942-01-25,DEPUTADO ESTADUAL,BA,2003-02-01,2007-01-31,BOCEL0149205,HERALDO EDUARDO ROCHA,1942-02-25,M2002_BA_7_25155_610,FALSE,TRUE
nome+uf+cargo+ano,Q10294958,https://www.wikidata.org/wiki/Q10294958,Heraldo Eduardo Rocha,,1942-01-25,DEPUTADO ESTADUAL,BA,2007-02-01,2011-01-31,BOCEL0149205,HERALDO EDUARDO ROCHA,1942-02-25,M2006_BA_7_25155_10253,FALSE,TRUE
nome+uf+cargo+ano,Q65161732,https://www.wikidata.org/wiki/Q65161732,Daniel Barbosa Santos,,1986-01-01,DEPUTADO ESTADUAL,PA,2019-02-01,2020-12-01,BOCEL0173116,DANIEL BARBOSA SANTOS,1986-08-25,M2018_PA_7_45678_140000614283,FALSE,TRUE
nome+uf+cargo+ano,Q65161732,https://www.wikidata.org/wiki/Q65161732,Daniel Barbosa Santos,,1986-01-01,PREFEITO,PA,2021-01-01,2023-12-31,BOCEL0173116,DANIEL BARBOSA SANTOS,1986-08-25,M2020_04154_11_15_140001027099,FALSE,TRUE
nome+uf+cargo+ano,Q119953845,https://www.wikidata.org/wiki/Q119953845,Osvaldo de Oliveira Rosa,,1966-06-11,PREFEITO,SP,2021-01-01,2025-01-01,BOCEL0188495,OSVALDO DE OLIVEIRA ROSA,1966-11-06,M2020_63231_11_45_250000834845,FALSE,TRUE
nome+uf+cargo+ano,Q137041089,https://www.wikidata.org/wiki/Q137041089,Luis Guilherme Panone,,1974-10-09,PREFEITO,SP,2025-01-01,,BOCEL0251054,LUIS GUILHERME PANONE,1981-11-18,M2024_63754_11_55_250002016768,FALSE,TRUE
nome+uf+cargo+ano,Q61000696,https://www.wikidata.org/wiki/Q61000696,Sérgio Victor,Sérgio Luiz Victor Júnior,1987-01-01,DEPUTADO ESTADUAL,SP,2019-03-15,2023-03-15,BOCEL0265667,SERGIO LUIZ VICTOR JUNIOR,1987-06-18,M2018_SP_7_30500_250000601932,FALSE,TRUE
nome+uf+cargo+ano,Q116546877,https://www.wikidata.org/wiki/Q116546877,Ricardo Longatti França,,,DEPUTADO ESTADUAL,SP,2023-02-01,,BOCEL0266606,RICARDO LONGATTI FRANÇA,1991-05-25,M2022_SP_7_19100_250001610539,FALSE,TRUE
nome+uf+cargo+ano,Q133887472,https://www.wikidata.org/wiki/Q133887472,Lucas Sanches Promessia,,,PREFEITO,SP,2025-01-01,,BOCEL0266953,LUCAS SANCHES PROMESSIA,1996-04-09,M2024_64777_11_22_250001921615,FALSE,TRUE
rotulo+nascimento,Q379563,https://www.wikidata.org/wiki/Q379563,José Serra,José Serra Chirico,1942-03-19,GOVERNADOR,SP,2007-01-01,2010-04-02,BOCEL0217622,JOSÉ SERRA,1942-03-19,M2006_SP_3_45_10106,TRUE,TRUE
rotulo+nascimento,Q379563,https://www.wikidata.org/wiki/Q379563,José Serra,José Serra Chirico,1942-03-19,GOVERNADOR,SP,2007-01-01,2010-04-02,BOCEL0217622,JOSÉ SERRA,1942-03-19,M2006_SP_3_45_10106,TRUE,TRUE
rotulo+nascimento,Q379563,https://www.wikidata.org/wiki/Q379563,José Serra,José Serra Chirico,1942-03-19,PREFEITO,SP,2005-01-01,2006-03-31,BOCEL0217622,JOSÉ SERRA,1942-03-19,M2004_71072_11_45_1317,TRUE,TRUE
